"MARGARET - Antonio Cameo",SSMARGARET-ROSEGD,instock,8
"GEMMA SOFA SET - Brown, 3 seater+2 seater+1 seater+1seater",SS1905-G2,instock,0
"LA MER-DINING TABLE - BEIGE GLOSSY + GOLD, DIN.TABLE(2.4M)+ 8 SIDE CHAIR",DINP281(2.4M),instock,1
"CAT - Light Grey, SMALL",KIDSLTM05-LGREY,instock,11
"MAGNUM SOFA SET - Beige, 3+3+1+1 Sofa Set",SSMAGNUM-G1,instock,8
"DAMON-CHAIR - DIAMON OCHER + ANTIQUE BRASS, Chair",SSCC2317-G2,instock,0
"ROLDAN BED",MBRSK010-KG-JY1011-2,instock,0
"FLAMENCO CORNER SOFA - Beige, Corner Sofa",SSF-FLAMENCO-A051-13,instock,1
"HUNTER CORNER SOFA",SSF9505-92A,instock,0
DAMON-CHAIR,SSCC2317-G2,instock,0
"NANDI BED",MBRSK015-KING-A032-1,instock,0
"ASEELA- DINING TABLE - WHITE+SILVER, 2.4 M DINING TABLE + 2 ARM CHAIR + 6 SIDE CHAIR",DINA568D(2.4M),instock,2
"NANINA SECTIONAL SOFA - Easy Warm Grey Light Brown, Sectional Sofa",SSNANINA-G3,instock,0
SCABIOSA,SSADS336-A,instock,0
"MICHELA DINING CHAIR - Brown",DINCH17019-8027-NEW,instock,44
"SHELLEY - Dark Grey",SSKFA033-F-113,instock,2
"LONDON SOFA SET - Beige with Cushions in Aqua and Beige, 4 seater + 3 seater + 1 Seater",SSKF2050-C-1271-G3,instock,0
"ZURI SOFA SET - Brown Pink, 3+2+1+1 Sofa Set",SSF9312-79-34,instock,0
"AYRA CHAISE LOUNGE - Beige Grey+White, Chaise Lounge with Arm",SSF9512-ARM,instock,1
"SAVOY SOFA SET - Beige Blue, Corner Sofa+Chair+Ottoman",SSY1803-G1,instock,1
"KEEGAN DINING CHAIR - Beige",DINCH-18038-8037,instock,44
"SHIRLIE COFFEE TABLE SET - BLACK + BRUSHED BRASS, MEDIUM",CTC17191B,instock,0
"CASSIA 3 SEATER SOFA - Brown Beige, 3 Seater - Left Side",SSSF18121-A3L-G2,instock,1
"DOMONIQUE  SECTIONAL SOFA SET",SS8006-XF1740-12-1,instock,0
"KADENCE SOFA SET - Brown &amp; Light Brown, 3 seater+2 seater+1 seater+1seater",SSKADENCE-LUNA5-7,instock,2
"XAVIER SECTIONAL SOFA - Grey, Left Sectional Sofa",SSF9315-SEC-76,instock,1
"EVANDRO LONG CORNER SOFA",SSAD-S691-LC-GREY,instock,0
"ZARINA-BED SET - GREY SILVER, BED+2 NT+DRER+MIR+STOOL",MBRA574-G1,instock,1
"CLAUDE-CHAIR - Grey, Chair","SSFM532-F22 BRW OAK",instock,3
"SAGE  COFFEE TABLE",CT-C19265B-1111,instock,4
"LAUREN - Green",SSKFA1032-F-166,instock,1
"NANINA SECTIONAL SOFA",SSNANINA-G3,instock,0
"HORSE - red, SMALL",KIDSLTM18-RED,instock,17
"JARED DINING CHAIR - Rubino Taupe + Antique Brass",DINDC2347-G2,instock,70
"BERNADI -CHAIR - Beige, Chair",SSRS11693-G3,instock,1
"EVANDRO BIG OTTOMAN - Black, Ottoman",SSAD-S691-OT-GREY,instock,0
"HERO-CHAIR - Beige + Brown","CHRFM727- L CHAIR",instock,13
"GRAZIA-CHAIR - YELLOW",SSRS11513-G3,instock,1
"LA DIVA-DINING TABLE",DINP458(3.0)41J+Z001,instock,0
"NOVANE DINING CHAIR - Grey + Brown Oak, 2400*1100*750",DINE760Y-BRWOAKF22,instock,80
"LUCINDA SOFA SET",SSLUCINDA-G1,instock,0
"SHERWIN COFFEE TABLE - Black, Coffee Table",CTBFJ2858A,instock,3
"HANDERSON BEDROOM SET - ANTIQUE GREY, KING BED+2 NT+DRS+MIRR",MBRHANDERSON-1.5M,instock,2
"VANA BED - Brown, KING BED",MBRLR193C-38K-11,instock,1
"SVANA SOFA SET - Brown Grey, 3+2+1+1 Sofa Set",SSAD-S689-968,instock,4
"EKAT SOFA SET - Brown Beige, 4 Seater+3 Seater+1 Seater+1 Seater +ottoman+ottoman",SSU766-1-G1,instock,0
"VALENTINA SOFA SET - Beige, 3+2+1 SOFA SET",SS8001-BEIGE-G1,instock,1
"MARGARETTE CORNER SOFA SET - Moonshine &amp; Mint, CORNER + CHAISE + OTTOMAN + 3 HALF CT",SS5037-C-822-G4,instock,4
"XAVIER SOFA SET",SSF9315-65,instock,0
"RASHA SECTIONAL SOFA SET - Beige and Black, SECT SOFA(LEFT) +CT-(1BIG+1MED+1SMALL)+OTTO+2 CHAIR+END TABLE",SSFML2057-LEFT(NEW),instock,0
"CHIARA ROUND DINING TABLE - Smoke Oak + Black, ROUND DINING TABLE",DINCW30004-1500RT,instock,2
"LION - camel, MEDIUM",KIDSLTM12-CAMEL,instock,12
"KARLIE  SOFA SET",SSF9847-CHARCOAL,instock,0
"TERRENCE COFFEE TABLE - WALNUT + JAZZ WHITE, Coffee Table",CTCT1498-MARBLE,instock,1
"ROLDAN BED - Grey, KING BED",MBRSK010-KG-JY1011-2,instock,0
"CAMEL - camel + light brown, SMALL",KIDSLTM10-CAMEL,instock,13
"BELLAMY SOFA SET - Blue White, 3 Seater+2 Seater+1 Seater+1 Seater",SSF9337-106-56,instock,2
"HAVEN CORNER+2 CHAIR - White Plaid, Corner Sofa+2Chair",SSCS10081-G1,instock,0
"VERENA - Blue",SSF9887-CH-MEG26,instock,1
"NANDI BED - L.BEIGE, KING BED",MBRSK015-KING-A032-1,instock,0
"PANDA - black +off white, LARGE",KIDSLTY08-BLACK,instock,11
"EDWARD-CHAIR - SAN REMO SUMMER STORM, Chair",SSCC2320-G1,instock,7
"FRITZEL TWO SEATER WITH OTTOMAN - Beige, 2 seater+ Ottoman",SSFF576-A02-G1,instock,2
"LA DIVA-DINING TABLE - BLUE + WHITE + GOLD, DIN.TABLE(3.0)+2 ARM+8 SIDE CHAIR",DINP458(3.0)41J+Z001,instock,0
"ANDES SIDE CHAIR",DINCH17117-1462,instock,0
"ELEPHANT - red+camel, SMALL",KIDSLTM03-RED,instock,12
"LED  TABLE LAMP - clear",ACMT10872-1-320-C,instock,6
"CREED-CHAIR - YELLOW, Chair",SSFM529-G3,instock,0
"LUGANO - ACOLYTE",SSC0388-1D-G1,instock,10
"FIRENZE SOFA SET - Ivory, 4 seater+3 seater+1 seater+1seater+Ottoman",SS8003-IVORY-G1,instock,2
"GEMMA SOFA SET",SS1905-G2,instock,0
"EVALINA-DINING CHAIR - BEIGE + SILVER FOIL, DINING CHAIR",DIN-ADC22-SILFOILA-L,instock,40
CREED-CHAIR,SSFM529-G3,instock,0
"MONACO SOFA SET - 1. Full body in Light Grey with Cushions in Turquoise Blue., 3Seater + 2Seater + 1Seater + 1Seater",SSMONACO-T5,instock,14
"SHIRLIE COFFEE TABLE SET","CTC17191A NEW A,CTC17191B,CTC17191A+B",instock,0
"SHALISTON SOFA SET - Blue, 3+2+1+1 Sofa Set",SSADS660-BLUE,instock,4
RENEE,SSFRS07-105,instock,0
"MIA DINING CHAIR - Grey",DINYZ133D-KF2807-2,instock,38
"SHIRLIE COFFEE TABLE SET - WALNUT + BRUSHED BRASS, SET OF 2",CTC17191-A+B,instock,0
"DOMONIQUE  SECTIONAL SOFA SET - Beige, Sectional Sofa Left+ Right+1 seater+1 seater+Ottoman",SS8006-XF1740-12,instock,0
"SELENA - COPPER",SSSELENA-28,instock,1
"KAROLINA SOFA SET - Beige with Cushions in Yellow &amp; Green, 4 seater + 3 seater",SSAY-S683-BZ,instock,3
"CANDLE HOLDER - brass, LARGE",ACF0001,instock,11
"MAJOR BED + 2 NIGHT STAND - DIAMOND ROSA+TITANIUM., KING BED (200X200)+2 NT",MBRBD2406-G2,instock,1
"GENEVE 3 SEATER SOFA",,instock,0
"AYDEN SOFA SET - Charcoal Grey With Orange Cushions, 3 seater + Chaise",SSSF17081-G1,instock,6
"ROMINA SOFA SET - Turquoise Green + Cushions in Off white, 4+3+1+1 Sofa Set",SSU761-2-G2,instock,2
"SHIRLIE COFFEE TABLE SET - BLACK + BRUSHED BRASS, LARGE","CTC17191A NEW A",instock,0
"TURIN DINING CHAIR - Smoke Oak + Grey",DINE557Y-C-SMKOAK,instock,61
"RASHA SECTIONAL SOFA SET",SSFML2057-LEFT(NEW),instock,0
"ZARINA-4 DOOR WARDROBE - GREY SILVER, 4 DOOR WARDROBE",SBRA574-WR-G2,instock,3
"CLASS-CHAIR - Beige, Chair",SSCLASS-CHAIR-ELF05,instock,7
"SAGE  COFFEE TABLE",CT-C19265B-1111,instock,4
"KATHERINE-CHAIR - Blue",SSYZ056A-G2,instock,3
"DEER - yellow + off white, SMALL",KIDSLTM09-YELLOW,instock,18
"ESTHER-CHEST OF DRAWER - DARK GREY GOLD, BED+2 NT+DRS W/MIRR+STOOL",MBRA559(CHES)1542J,instock,1
"ICON DINING CHAIR - Light Grey",DINDC19001-G1,instock,16
"BELISIMA -CHAIR - PINKISH BEIGE, Chair",SSAMBO-DY8031A,instock,9
"HAVEN-CHAIR - PLAID",SSCS240042F-G3,instock,2
"REINA DINING TABLE - Amana Rose Marble","DT16152-AMANA ROSE",instock,16
"HYADD BED - STILO WALNUT + MATT BLACK, KING BED","MBRHYADD-6FT BED",instock,2
"TIFANY CORNER SOFA - Light Grey, Corner Sofa with Right Arm",SSKF068-G1,instock,1
"VIVANTE 4 SEATER SOFA - Turquoise Blue With Bisque Cushion, 4 Seater",SSFRS-11752-G1,instock,2
"LONDON SOFA SET",SSKF2050-C-1271-G3,instock,0
"TRAPEZOID COFFEE TABLE - Espresso Oak + Lux Titanium, Coffee Table",CTCT2360-REC-G2,instock,3
"DANTE BED - Grey, KING BED",MBRSK025-KG-JY1011-2,instock,2
"ZURI SOFA SET","SSF9312-79-34, SSF9312-79-34-1S",instock,0
"COOPER SIDE CHAIR - Dark Beige",DINCH17178-1463,instock,10
"SLOANE SECTIONAL SOFA - Oxford Blue, Corner Sofa",SSS0386-01-G2,instock,6
"LUCINDA SOFA SET - SAN REMO SUMMER STORM, 3 Seater+2 Seater+1 Seater+1 Seater",SSLUCINDA-G1,instock,0
"ZEENAT SOFA SET - Beige and Light Grey, 4+2+1 Sofa Set",SSE1852,instock,0
"QUATRO SOFA SET - Beige + Brown, 3Seater + 2Seater + 1 Seater + 1Seater + Pouf",SSQUATRO-G1,instock,5
"CAPELLA DINING CHAIR - Beige",DINDC17078-M836,instock,13
"LION - camel + light brown, SMALL",KIDSLTM12-CAMEL,instock,12
"QUEEN - Blue",SSQUEEN(CHR)165,instock,1
"REMINGTON BED - Beige, KING BED",MBRB1901-KING-G3,instock,1
"RHEA-SOFA SET - BLACK AND GREY BEIGE, 3 seater+2 seater+1 seater+1seater+1 coffee table+2 end table","SSFF9906-G2 NEW",instock,6
"PANDA - black +off white, SMALL",KIDSLTM08-BLACK,instock,11
"AYAN SOFA SET",,instock,0
"MILLER - Brown",SSMILLER-19,instock,5
"VERA - COFFEE",SSFP1876-51,instock,5
"MIRREN BEDROOM SET - RUBINO TAUPE+LUX TITANIUM., KING BED",MBRBD2418-BED,instock,2
"PIXIE SOFA SET - Pink + Light Grey Cushions, 3 Seater+2 Seater+1 Seater+1 Seater",SSF9304-34-75,instock,4
"Leaf Platter - GOLD, LARGE",ACCNIDTZRN002L,instock,4
"DAVIS-CHAIR - NAVY, Chair",SSDAVIS-105,instock,5
"FRANKIE SOFA SET - Black, 3 seater+3 seater+1 seater+1seater",SSF8923+55DECKER84,instock,3
"EVANDRO BIG OTTOMAN","SSAD-S691-OT-LGREY, SSAD-S691-OT-GREY",instock,0
"EVA-DINING TABLE - WHITE+GOLD, 3.0 M DIN.TABLE + 2 ARM CHAIR + 8 SIDE CHAIR","DINA547 (3.0M)",instock,3
"NEWTON DINING TABLE - White Onyx, 240cm x 120cm x 75cm.",DINDT17091-ONIYX,instock,3
"VALENCIA SOFA SET - Beige + Brown, 3+3+1+1 Sofa Set",SSF-VALENCIA-04+07,instock,2
"VALENCIA - Beige",SSVALENCIA-KEN-04CHR,instock,11
"MAXWELL MODULAR SOFA - Artichoke Green, 6 seater Corner Sofa",SSS0366-01-1ASC-G2,instock,1
"DUBAI SOFA SET - LIGHT BLUE, 3+3+1+1 Sofa Set",SSDUBAI-G1,instock,3
"SEPHORA SOFA SET - Elephant &amp; Light Grey, 3+2+1+1 Sofa Set",SSSEPHORA-05,instock,1
"HAVEN CORNER+2 CHAIR",SSCS10081-G1,instock,0
"KELVIN DINING CHAIR - Polo Club Stone",DINDC2348-G1,instock,17
"SHIRLIE COFFEE TABLE SET - BLACK + BRUSHED BRASS, SET OF 2",CTC17191A+B,instock,0
"COLEMAN 3 SEATER SOFA - Full body in SAN REMO WINTER CLOD with 3 Cushions in San Remo and 1 cushion in Dusty Yellow., 3 SEATER",SSSF2420-30-G1,instock,2
"EKAT SOFA SET","SSU766-1-G1,SSU766-1-OTT-G1",instock,0
"KARLIE  SOFA SET - CHARCOAL, 3 seater+2 seater+1 seater+1seater",SSF9847-CHARCOAL,instock,0
"ROCHELLE SOFA SET",SSADS813BZ-1026,instock,0
"KERRY BED - ATLANTIC, KING BED",MBRKERRY-G4,instock,1
"ROCHELLE SOFA SET - Green, 3+2+1 SOFA SET",SSADS813BZ-1026,instock,0
NOAH,SSM511Y-C-G1,instock,0
"SAGE  COFFEE TABLE",CT-C19265B+C-1111,instock,4
"TRAVOLTA DINING CHAIR - Grey White + Brass",DINDC18020,instock,203
"CASA-CHAIR - AQUA, Chair",SST2507-G1,instock,3
"EVANDRO BIG OTTOMAN - Light Grey, Ottoman",SSAD-S691-OT-LGREY,instock,0
"JOSIE-CHAIR - Light Grey",SSKFA031-O7805,instock,2
"BARBARA-BED SET - BLACKISH GREEN + WHITE GOLD, BED+2NT+DRS+MIRR+STL",MBRA557-LX813,instock,1
"BECK -CHAIR - Beige + Brown, Chair",SS-BECK-A096-08,instock,9
"HANK-CHAIR - ANTONIO PORCELAIN",SSCC2339-G3,instock,5
"ORABELLA DINING CHAIR - Light Beige + Walnut, 2400*1100*750",DINCH18027-8035S,instock,88
"HUNTER CORNER SOFA - Light Grey, 3 seater With Arm+ Chaise",SSF9505-92A,instock,0
"HARIET BEDROOM SET - Diamond Milk + Antique Brass, KING BED",MBRHARIET-BED-AN-B,instock,3
"TIFANY 3.5 SEATER - Blush, 3.5 SEATER RIGHT",SSKF068-3S-G1,instock,3
"ELLISE SOFA SET - Nubuck Yellow Beige, 4 Seater+3 Seater+1 Seater+1 Seater",SSAD-S662-BZ-A,instock,7
"VIVALDI CORNER SOFA - Beige + Brown, Left Corner + Pouf",SSVIVALDI-CORNER,instock,2
"CLOE COFFEE TABLE - GREY PORCELAIN + ANTIQUE BRASS, Coffee Table",CTCT2414-G2,instock,1
"ZEENAT SOFA SET",SSE1852,instock,0
"ROCHELLE RIGHT CORNER SOFA - Green, Right Corner Sofa",SSAD-S813-BZ-RC-26,instock,1
"UNICORN - off white, SMALL",KIDSLTM21-OFFWHITE,instock,11
"CAMIA COFFEE TABLE - SMOKY BROWN + BRUSHED NICKEL, Coffee Table",CTC11579-SMOKYNICK,instock,8
"XAVIER SOFA SET - Green, 3+2+1+1 Sofa Set",SSF9315-65,instock,0
"TRAVOLTA BED - Beige, KING BED",MBRB19004-CP-01,instock,3
"BERYL DINING CHAIR - Polo Stone Fabric",DINDC2271-G1,instock,3
"CAMEL - camel, LARGE",KIDSLTY06-CAMEL,instock,13
"ODEA - BEAVER",SSS0385-1D-G2,instock,6
"NOVA BED - Beige, KING BED",MBRA2261-5,instock,3
"GRACE-SOFA SET - BEIGE + GOLD, 4 seater+3 seater+1 seater+1seater+1 coffee table+2 end table",SSU117+CH098-BEIGOLD,instock,1
"PANDA - black +off white, MEDIUM",KIDSLTR25-BLACK,instock,11
"FOREST-CHAIR - SAN REMO WINTER CLOUD",SSCC2336-G1,instock,10
"IRMA 2 SEATER SOFA",SSSFRANDI-2STR,instock,1
"LUCINDA SOFA SET - Rubino Taupe + Antique Brass, 3 seater+2 seater",SSLUCINDA-(3+2)-G2,instock,1
TIFANY-OTTOMAN,SSKF068-OTT-A-G1,instock,1
"XAVIER SOFA SET - Light Grey, 2 SEATER",SSF9315-2S-75,instock,1
"QUATRO SOFA SET - Coffee Brown, 3Seater + 2Seater + 1 Seater + 1Seater + Pouf",SSQUATRO-G3,instock,1
"LA DIVA-DINING TABLE - WHITE + GOLD, DIN.TABLE(3.6)+2 ARM+10 SIDE CHAIR","DINP458 (3.6)",instock,1
"LUCINDA SOFA SET - SAN REMO SUMMER STORM, 3 seater+2 seater",SSLUCINDA(3+2)-G1,instock,1
"REMINGTON BED - Beige, SINGLE BED",SBRB1901-G2,instock,1
"LIVA SOFA SET",SSLIVA-G1,instock,1
"LA DIVA 4 DOOR CELLARET","DINP458-4 CELLARET",instock,1
"LONDON SOFA SET - Beige with Cushions in Brown, 3 SEATER",SSKF2050-3S-G1,instock,1
"SEPHORA SOFA SET",SSSEPHORA-05,instock,1
"COPPER FURNISHING ARTICLES",ACTZ-89128,instock,1
"VALENCIA SOFA SET - Grey Brown, 1 SEATER",SSF-VALENCIA-02+01,instock,1
"MARGE BED + 2 NIGHT STAND",MBRBD2408-G1,instock,1
"FANTASTIK SOFA  SET",SSFFANTASTIK-IST,instock,1
"MIRREN BEDROOM SET - RUBINO TAUPE + LUX TITANIUM + SMOKE OAK., KINGBED+2 NIGHT STANDS",MBRBD2418,instock,1
"CREED-CHAIR - Grey, Chair",SSFM529-G1,instock,1
"CLOE COFFEE TABLE",CTCT2414-G2,instock,1
"FRANKIE SOFA SET - Black, 2 SEATER",SSF8923-2S,instock,1
"ESTHER-BED SET",MBRA559(4PCS)23J-019,instock,1
"ROCHELLE RIGHT CORNER SOFA",SSAD-S813-BZ-RC-26,instock,1
"LORETTA-BED SET",MBRP260-(4PCS),instock,1
"CASSIA 3 SEATER SOFA",SSSF18121-A3L-G2,instock,1
"DOMONIQUE  SECTIONAL SOFA SET - Ivory, Sectional Sofa Left+ Right+1 seater+1 seater+Ottoman",SS8006-XF1740-11,instock,1
"RESIN PAINTING 103",ACAW-302-MATT,instock,1
"JERSEY DINING TABLE",DINT17052S-002-1111,instock,1
"TRISTAN COFFEE TABLE",CTC14723A-DGREYWAL,instock,1
"KADENCE SOFA SET - Light Brown &amp; Teal, 3 seater+2 seater+1 seater+1seater",SSKADENCE-LUNA5-9,instock,1
"MAXWELL MODULAR SOFA",SSS0366-01-1ASC-G2,instock,1
"LEBRON-CHEST OF DRAWERS",MBRCDS30-COD-OAKM,instock,1
"ZURI SOFA SET - Brown Yellow, 3+2+1+1 Sofa Set",SSF9312-18-146,instock,1
"TIFFANY-BED SET",MBRCBE55-PWHITE,instock,1
KELA,SS-KELA-B-A102-07,instock,1
"TIFANY CORNER SOFA - Light Grey, Corner Sofa with Left Arm",SSKF068-G2,instock,1
"COOPER COFFEE TABLE",CT-17192-WALNUT+GLAS,instock,1
"HUNTER CORNER SOFA - Dark Grey, 2 SEATER",SSF9505-96A,instock,1
"MARGARETTE CORNER SOFA SET - Light Grey Pea Green, CHAISE + HALF CT",SS5037-5126-CHA-G1,instock,1
"NEW QUATRO SOFA SET",SSNEWQUATRO-G5,instock,1
"ROCHELLE SOFA SET - Light Grey, 3+2+1 SOFA SET",SSADS813BZ-1022,instock,1
"SALMA-CHEST OF DRAWER",MBRP447(CHEST)-BLUE,instock,1
"REINA DINING TABLE - White Onyx",DT16152-VICTORIA,instock,1
"TRAPEZOID COFFEE TABLE - Smoke Oak + Lux Titanium, Coffee Table",CTCT2360-REC-G1,instock,1
"LA DIVA-BED SET",MBRP458-NEW,instock,1
"ROTANA-CHEST OF DRAWER","MBRA582 CHEST-G1",instock,1
"CANDICE SOFA SET - Light Grey, 3 Seater+2 Seater+1 Seater+1 Seater+ottoman",SSF9833-86,instock,1
"ZEID COFFEETABLE",CT-A879510,instock,1
"VIVANTE 4 SEATER SOFA - Frost With Pearl Blue Cushion, 4 Seater",SSFRS-11752-FROST,instock,1
"PORTER COFFEE TABLE",CTCT2424,instock,1
"DANTE BED - Grey, QUEEN BED",MBRSK025-QN-JY1011-2,instock,1
"VIVALDI SOFA SET",SSVIVALDI-KENT02-12,instock,1
ROSHAN-WARDROBE,MBRA565-WR-G1,instock,1
"GRAZIA-CHAIR - Brown",SSRS11513-G2,instock,1
"ELLISE SOFA SET - Dark Grey, 4 Seater+3 Seater+1 Seater+1 Seater","SSAD-S662-BZ D GREY",instock,1
"VIVALDI CORNER SOFA - Grey Blue, Right Corner + Pouf",SSVIVALDI-FSET-G1,instock,1
"MARGARETTE CORNER SOFA SET - Moonshine &amp; Mint, CORNER + HALF CT",SS5037-C-957-COR-G3,instock,1
"GEOVANA-BED SET",MBRCBE37-1.8,instock,1
"ZEENAT SOFA SET - Beige and Light Grey, 1 SEATER",SSE1852-1S,instock,1
"BELLAMY SOFA SET - Grey Purple, 3 Seater+2 Seater+1 Seater+1 Seater",SSF9337-68-161,instock,1
"NADIA-SOFA SET",SSU725+CH119,instock,1
"VANA BED",MBRLR193C-38K-11,instock,1
"FIORE-CHEST OF DRAWER",MBRCD20152-08-RXC,instock,1
"TIFANY CORNER SOFA",SSKF068-G1,instock,1
"XAVIER SOFA SET - Light Grey, 1 SEATER",SSF9315-1S-75,instock,1
"ROLDAN BED - Grey, QUEEN BED",MBRSK010-QN-JY1011-2,instock,1
"CAMUS SOFA SET",SSCAMUS-SOFA,instock,1
VERENA,SSF9887-CH-MEG26,instock,1
"REMINGTON BED",MBRB1901-KING-G3,instock,1
"ROUND WALL MIRROR",ACOA5890,instock,1
"REMINGTON BED - Beige, QUEEN BED",MBRB1901-QUEEN-G1,instock,1
"FLAMENCO CORNER SOFA",SSF-FLAMENCO-A051-13,instock,1
"SAVOY SOFA SET",SSY1803-G1,instock,1
"MAJOR BED + 2 NIGHT STAND",MBRBD2406-G2,instock,1
AREN,AC18795,instock,1
"XAVIER SECTIONAL SOFA - Light Grey, Right Sectional Sofa",SSF9315-DECKER75(R),instock,1
"ELIOT  COFFEE TABLE",CTC19014,instock,1
"LAUREN - Light Grey",SSKFA1032-F-167,instock,1
"FRANKIE SOFA SET - Black, 3 SEATER",SSF8923-3S,instock,1
"DERECK SOFA SET",SSS1904-G2,instock,1
"ESTHER-CHEST OF DRAWER",MBRA559(CHES)1542J,instock,1
"KATHERINA BUFFET BLACK MARBLE",DINXG030ABU,instock,1
"TERRENCE COFFEE TABLE",CTCT1498-MARBLE,instock,1
"FIRENZE SOFA SET - LIGHT BLUE, 4 seater+3 seater+1 seater+1seater+Ottoman",SS8003-LBLUE-G2,instock,1
"KERRY BED - CHARCOAL, KING BED",MBRKERRY-G1,instock,1
"GRACE-SOFA SET",SSU117+CH098-BEIGOLD,instock,1
"LEONARDO COFFEE TABLE WALNUT",CTCT-17033-WALNUT,instock,1
"CHIARA CORNER SOFA",SSCS10041F,instock,1
"KADENCE SOFA SET - Light Brown Orange, 3 seater+2 seater+1 seater+1seater",SSKADENCE-LUNA5-8,instock,1
"AZZURRA- CHEST OF DRAWER",MBRCD20155,instock,1
"ESTHER-CHEST OF DRAWER - DARK GREY GOLD, CHEST OF DRAWER",MBRA559(CHES)1542J,instock,1
"SAVOY SOFA SET - Dark Brown Beige, Corner Sofa+Chair+Ottoman",SSY1803-G2,instock,1
"LA DIVA DINING TABLE",DINP458,instock,1
"LA DIVA-CHEST OF DRAWER","MBRP458CHEST NEW",instock,1
"ROCHELLE RIGHT CORNER SOFA - Light Grey, Right Corner Sofa",SSAD-S813-BZ-RC-22,instock,1
"XAVIER SECTIONAL SOFA - Grey, Right Sectional Sofa",SSF9315-DECKER76(R),instock,1
"XAVIER SECTIONAL SOFA",SSF9315-SEC-76,instock,1
"GALVIN COFFEE TABLE",CT-C19265C-1111,instock,1
"AYRA 4 SEATER SOFA",SSF9513,instock,1
"GEOVANA-CHEST OF DRAWER",MBRCDS37-PEARLWHT,instock,1
"VALENTINA SOFA SET",SS8001-BEIGE-G1,instock,1
"QUATRO SOFA SET - Grey Green, 3 SEATER",SSQUATRO-3S-G2,instock,1
ROSHAN-CHEST,MBRA565-CH-G1,instock,1
"GRAZIA-CHAIR - Beige",SSRS11513-G1,instock,1
"ELLISE SOFA SET - Beige + Brown, 4 Seater+3 Seater+1 Seater+1 Seater","SSAD-S662-BZ B BROWN",instock,1
"IRMA 3 SEATER SOFA",SSSFRANDI-3STR,instock,1
"MARGARETTE CORNER SOFA SET - Moonshine &amp; Mint, CORNER + HALF CT",SS5037-C-822-COR-G4,instock,1
"RIZZA-BED SET",MBRA550(4PC)23F+Z022,instock,1
ELVINA-CHAIR,SSCC2251-CHAIR,instock,1
"BELLAMY SOFA SET - Grey Blue, 3 Seater+2 Seater+1 Seater+1 Seater",SSF9337-67-105,instock,1
"IMPERIO-CORNER SOFA SET",SSFU951+CH041-G6,instock,1
"VERENA - Dark Grey",SSF9887-CH-MEG51,instock,1
"LUCINDA SOFA SET - Rubino Taupe + Antique Brass, 3 Seater+2 Seater+1 Seater+1 Seater",SSLUCINDA-G2,instock,1
FIORE-BENCH,MBRBS20152-13-RCC,instock,1
"LA DIVA BUFFET+MIRROR",DINP458-BUF+MIRR,instock,1
"LONDON SOFA SET - Beige with Cushions in Brown, 4 Seater",SSKF2050-4S-G1,instock,1
SELENA,SSSELENA-28,instock,1
EVALINA-MIRROR,DINADT46-MIR-2400,instock,1
"MARGE DRESSER+MIRROR",MBRDR2049-G1,instock,1
"JENNELE BENCH",MBR-JENNEELE,instock,1
"BERNADI -CHAIR",SSRS11693-G3,instock,1
QUEEN,SSQUEEN(CHR)165,instock,1
"KERRY BED",MBRKERRY-G4,instock,1
"XAVIER SECTIONAL SOFA - Light Grey, Left Sectional Sofa",SSF9315-SEC-75,instock,1
"BASQAL-DIN.TABLE WITH 10 SIDE CHAIR",DINDT20108-30-20890,instock,1
"RONDE COFFEE TABLE",CTKFH10506,instock,1
"LAUREN - LIGHT BLUE",SSKFA1032-F-117,instock,1
"DANIELLA CORNER SOFA",SSFF777,instock,1
"NEW MAGICA-SOFA SET",SSHA6061-SILBLUE,instock,1
"KATHERINE DINING TABLE NEW",DINTZ031D-TABLE,instock,1
"ARJAN SCULPTURE",AC20005,instock,1
"ZURI SOFA SET - Grey Blue, 3+2+1+1 Sofa Set",SSF9312-67-105,instock,1
"ZARINA-BED SET",MBRA574-G1,instock,1
"WAVES COFFEE TABLE",CTC14669-CLRWAL,instock,1
"BARBARA-BED SET",MBRA557-LX813,instock,1
"COPPER FURNISHING ARTICLES - gold+red, MIDDLE",ACTZ-89128,instock,1
"IRINA DINING TABLE",DINT3201-2,instock,1
LAUREN,SSKFA1032-F-166,instock,1
"LA MER-DINING TABLE",DINP281(2.4M),instock,1
"BUTTERFLYS RESIN PAINTING",ACAW169RESIIN,instock,1
"ROMINA SOFA SET - Grey + Cushions in Smoke Grey, 4+3+1+1 Sofa Set",SSU761-1-G1,instock,1
"TRAPEZOID SIDEBOARD",DINSBD2360-G2,instock,1
"KARISMA COFFEE TABLE",CTC17055-1111,instock,1
"BRICE  4 SEATER SOFA",SSSF2415-40,instock,1
"TALIA  END TABLE",CTCF-CJ1391C,instock,1
"HAVEN CORNER+2 CHAIR - Beige Plaid, Corner Sofa",SSCS10081-COR-G3,instock,1
"ASEELA-CHEST OF DRAWER",MBRA568-CH-G1,instock,1
"LA DIVA-6 DOOR WARDROBE","MBRP458WARD NEW",instock,1
"VANA BED - MOSS, KING BED",MBRLR193C-38K-57,instock,1
"BASQAL-BUFFET AND MIRROR",DINBT20108-19-20890,instock,1
"SONIA COFFEE TABLE",CTST-7086,instock,1
"QUEEN - Grey",SSQUEEN(CHR)139,instock,1
"HAVEN CORNER+2 CHAIR - White, Corner Sofa",SSCS10081-COR-G2,instock,1
"DANTE BED - STATE GREY., QUEEN BED",MBRSK025-QUEEN-JY101,instock,1
"RASHA SECTIONAL SOFA SET - Beige and Black, SECT SOFA(RIGHT) +CT-(1BIG+1MED+1SMALL)+OTTO+2 CHAIR+END TABLE",SSFML2057-RIGHT(NEW),instock,1
GRAZIA-CHAIR,SSRS11513-G3,instock,1
"AYRA CHAISE LOUNGE",SSF9512-ARM,instock,1
"HAVEN CORNER+2 CHAIR - White Plaid, Corner Sofa",SSCS10081-COR-G1,instock,1
"MARGARETTE CORNER SOFA SET - Moonshine &amp; Mint, OTTOMAN + HALF CT",SS5037-C-957-OTT-G3,instock,1
FLUTURA-CHAIR,CHR-FM726-YELLOW,instock,1
"BELLAMY SOFA SET - Pink D.Grey, 3 Seater+2 Seater+1 Seater+1 Seater",SSF9337-84-34,instock,1
"ANDREW SOFA SET",SSAW-S066R-BZ,instock,1
"VERENA - Pink",SSF9887-CH-MEG34,instock,2
"FIORE-6 DOOR WARDROBE",MBRWD20152-WARD,instock,2
"QUATRO SOFA SET - Beige + Brown, 2 SEATER",SSQUATRO-2S-G1,instock,2
"MIRREN SIDE BOARD",DINBD2359,instock,2
"AYDEN SOFA SET - Light Grey With Turquoise Blue Cushions, 3 seater + Chaise",SSSF17081-G2,instock,2
"SOHO COFFEE TABLE",CTC18168A,instock,2
"SURGING HORSE SCULPTURE (BRONZE)",ACDC0225,instock,2
"KENZA BED",MBRA2272A,instock,2
"XAVIER SOFA SET - Grey, 3+2+1+1 Sofa Set",SSF9315-76,instock,2
"AYAN SOFA SET - Grey, 4 Seater",SSLR6015-4S-GREY,instock,2
"MILLER - DARK PINK",SSMILLER-34,instock,2
"HYADD BED","MBRHYADD-6FT BED",instock,2
"EVA-DOOR WARDROBE","MBRA547 (WARD)",instock,2
"LAUREN - Royal Blue",SSKFA1032-F-118,instock,2
"MONACO SOFA SET - 1. Full body in Light Grey with Cushions in Turquoise Blue., 1 SEATER",SSMONACO-1S-T5,instock,2
"ZURI SOFA SET - Grey Blue, 2 SEATER",SSF9312-67-105-2S,instock,2
"SEPHORA SOFA SET - Light Grey Sky Blue, 3 SEATER",SSSEPHORA-07-3S,instock,2
"COLEMAN 3 SEATER SOFA",SSSF2420-30-G1,instock,2
"RONDA COFFEE TABLE",CTBMBO-CJ8028A,instock,2
"KARLIE  SOFA SET - Blush, 3 seater+2 seater+1 seater+1seater",SSF9847-BLUSH,instock,2
"CAMUS-BED SET",MBRCAMUSB01-BED,instock,2
"BUDDHA  PAINTING",ACFCV-P825-1,instock,2
"LEONA-CHEST OF DRAWER",MBRP289-CHEST,instock,2
"ZURI SOFA SET - Brown Yellow, 3 SEATER",SSF9312-18-146-3S,instock,2
"ZARINA-4 DOOR WARDROBE - GREY SILVER, 4 DOOR WARDROBE",SBRA574-WR-G1,instock,2
"SEPHORA SOFA SET - Light Grey Sky Blue, 3+2+1+1 Sofa Set",SSSEPHORA-07,instock,2
"VALENCIA SOFA SET - Beige, 3+3+1+1 Sofa Set",SSF-VALENCIA-04-G3,instock,2
"MARGARETTE CORNER SOFA SET - Spa Blue, OTTOMAN + HALF CT",SS5037-5133-OTT-G3,instock,2
"GENEVE 3 SEATER SOFA - Black + Light Grey + Orange, 3 Seater Sofa",SSAD-S812-BZ-3S-83,instock,2
"CANDICE SOFA SET","SSF9833--57,SSF9833-86",instock,2
"SCABIOSA - Light Grey",SSADS336-B,instock,2
"LAREEN-BED SET",MBRP473-G1,instock,2
JOSIE-CHAIR,SSKFA031-O7805,instock,2
"BERNADI -CHAIR - PEARL BLUE, Chair",SSRS11693-G2,instock,2
"CASSIA 3 SEATER SOFA - Brown Beige, 3 Seater- Right Side",SSSF18121-A3R-G2,instock,2
HAVEN-CHAIR,SSCS240042F-G3,instock,2
"SVANA SOFA SET - Light Grey+White, 3 SEATER",SSAD-S689-1013-3S,instock,2
"ASEELA- DINING TABLE",DINA568D(2.4M),instock,2
"BANANA SOFA SET",SSBANANA-G3,instock,2
"MARGARETTE CORNER SOFA SET - Light Grey Spa Blue, CORNER + HALF CT",SS5037-5115-COR-G2,instock,2
"CATALEYA DINING TABLE GLASS",DINDT19005-WALNUT,instock,2
"CIARA COFFEE TABLE",CTC17073A,instock,2
"NEWTON DINING TABLE - Paradise Marble, 240cm x 120cm x 75cm.",DINDT17091-PARADIS,instock,2
"REMI BEDROOM",MBR23C200A-160108SF-,instock,2
"VALENCIA SOFA SET",SSF-VALENCIA-04+07,instock,2
"WOMAN  PAINTING",ACFCV-P823-1,instock,2
"RIZZA-CHEST OF DRAWER",MBRA550(CHEST),instock,2
"IRINA 4 SEATER SOFA",SSTP2601-3-TA011,instock,2
"VERENA - Grey",SSF9887-CH-MEG40,instock,2
RIVA-CHEST,MBRP472-CH-G2,instock,2
"GRACE-SOFA SET - BEIGE + GREY + GOLD, 4 seater+3 seater+1 seater+1seater+1 coffee table+2 end table",SSU117+CH098-YELLOW,instock,2
"AYDEN SOFA SET - Light Grey With Turquoise Blue Cushions, Chaise",SSSF17081-E1-G2,instock,2
"LA MER-BUFFET+MIRROR",DINP281-BUF+MIR,instock,2
"KRISS 6 DOOR WARDROBE",MBRKRISS(WARD)BELOAK,instock,2
Leaf,ACCNTRN001,instock,2
"RESIN PAINTING 115",ACAW-263-S-MATT,instock,2
"PIXIE SOFA SET - Pink + Light Grey Cushions, 2 SEATER",SSF9304-34-75-2S,instock,2
"AYDEN SOFA SET - Charcoal Grey With Orange Cushions, Chaise",SSSF17081-E1-G1,instock,2
"VIVALDI CORNER SOFA",SSVIVALDI-CORNER,instock,2
SHELLEY,SSKFA033-F-113,instock,2
"MIRREN BEDROOM SET",MBRBD2418-BED,instock,2
"NOAH - ORANGE + BROWN OAK",SSM511Y-C-G2,instock,2
"AYAN SOFA SET - Grey, 2 SEATER",SSLR6015-3S-GREY,instock,2
"VALENCIA SOFA SET - Grey Blue, 3 SEATER",SSVALENCIA-1S-G5,instock,2
"MAVIE COFFEE TABLE",CTC16012,instock,2
"EVA-CHEST OF DRAWER","MBRA547 (CHEST)",instock,2
"ROMINA SOFA SET",SSU761-2-G2,instock,2
"KAROLINA SOFA SET - Beige with Cushions in Yellow &amp; Green, 4 Seater",SSAY-S683-BZ-4S,instock,2
"DANTE BED",MBRSK025-KG-JY1011-2,instock,2
"FELICITY COFFEE TABLE",CTTZ029B-03,instock,2
"ZURI SOFA SET - Brown Yellow, 2 SEATER",SSF9312-18-146-2S,instock,2
"SEPHORA SOFA SET - Elephant &amp; Light Grey, 3 SEATER",SSSEPHORA-05-3S,instock,2
"ABBEY BEDROOM SET",MBRBD1993-GIOTTO,instock,2
"SHAYLA COFFEE TABLE",CTC16003-NEW,instock,2
"SHERWIN COFFEE TABLE - WHITE MARBLE + BLACK ASH, Coffee Table",CTBFJ2858CM,instock,2
"ZURI SOFA SET - Brown Pink, 3 SEATER",SSF9312-79-34-3S,instock,2
"CASA-CHAIR - PEACH ORANGE, Chair",SST2507-G3,instock,2
"KATHERINE-CHAIR - Grey",SSYZ056A-G1,instock,2
"HAVEN CORNER+2 CHAIR - Beige Plaid, Chair",SSCS240042F-G3,instock,2
"ZEENAT SOFA SET - Dark Beige and Light Grey, 4 Seater",SSE1852-4S-NEW,instock,2
IRINA-CHAIR,SSTP2301,instock,2
"BERNADI -CHAIR - Grey, Chair",SSRS11693-G1,instock,2
"RUNNING MAN - black +green, SMALL",ACTZ-89038,instock,2
"RENEE - Dark Grey",SSFRS07-84,instock,2
"HAVEN CORNER+2 CHAIR - White, Chair",SSCS20042F-CHR-G2,instock,2
"JUDITH-BED SET",MBRA555(4PCS)1546BJ,instock,2
"ROTANA-BED SET",MBRA582-G1,instock,2
"BELISIMA -CHAIR - Brown, Chair",SSAMBO-DY8032,instock,2
"BELLAMY SOFA SET - Pink D.Grey, Single Seater",SSF9337-34-84-1S,instock,2
"SVANA SOFA SET - Light Grey+White, 2 SEATER",SSAD-S689-1013-2S,instock,2
"PENTAGON COFFEE TABLE",CTCT2361-G2,instock,2
"KADENCE SOFA SET",SSKADENCE-LUNA5-7,instock,2
"DANTE BED - STATE GREY., KING BED",MBRSK025-KING-JY1011,instock,2
FONZY-CHAIR,SSFM525CHR+STL,instock,2
"BELLAMY SOFA SET - Pink D.Grey, 3 Seater Sofa",SSF9337-34-84-3S,instock,2
"SVANA SOFA SET - Brown Grey, 3 SEATER",SSAD-S689-968-3S,instock,2
"GEMMA SOFA SET - Silver Grey, 3 seater+2 seater+1 seater+1seater",SS1905-G3,instock,2
"Set of 2 Alumimum Vase",ACCNIDVSN014,instock,2
"TIFANY OTTOMAN WITH CT",SSKF068-OTT-B-G1,instock,2
"RESIN PAINTING  120",ACAW-258-MATT,instock,2
"DOG - camel + off white, SMALL",KIDSLTM06-CAMEL,instock,2
"SLOANE SECTIONAL SOFA - Slate Grey, Corner Sofa",SSS0386-01-G1,instock,2
"GIRAFFE - YELLOW, SMALL",KIDSLTM01-YELLOW,instock,2
"AYDEN SOFA SET - Light Grey With Turquoise Blue Cushions, 3 SEATER",SSSF17081-B2+C2-G2,instock,2
"OVERLAND BED + 2NIGHT STAND",MBROVERLAND-G2,instock,2
"QUEEN - Brown",SSQUEEN(CHR)158,instock,2
"FRITZEL TWO SEATER WITH OTTOMAN",SSFF576-A02-G1,instock,2
"REMINGTON BED - Light Green, KING BED",MBRB1901-KING-G4,instock,2
"AYDEN SOFA SET - Charcoal Grey With Orange Cushions, 3 SEATER",SSSF17081-B2+C2-G1,instock,2
"MILLER - Grey",SSMILLER-68,instock,2
"FIRENZE SOFA SET",SS8003-IVORY-G1,instock,2
"EVA-6 DOOR WARDROBE",MBRA547(WARD),instock,2
"NANDI BED - L.BEIGE, QUEEN BED",MBRSK015-QNBEDA032-1,instock,2
"VALENCIA SOFA SET - Grey Blue, 1 SEATER",SSVALENCIA-3S-G5,instock,2
"RESIN PAINTING 107",ACAW-289-MATT,instock,2
"NEW SOMAYA-6 DOOR WARDROBE","MBRA553 NEW WARD-G1",instock,2
"ZURI SOFA SET - Grey Blue, 3 SEATER",SSF9312-67-105-3S,instock,2
"HANDERSON BEDROOM SET",MBRHANDERSON-1.5M,instock,2
"KAROLINA SOFA SET - Beige with Cushions in Yellow &amp; Green, 3 SEATER",SSAY-S683-BZ-3S,instock,2
"BELISIMA BED",MBRAMBO-C8031-OATMEA,instock,2
"ORLANDO COFFEE TABLE",CTCT-16038MARBLE,instock,2
"SEPHORA SOFA SET - Elephant &amp; Light Grey, 2 SEATER",SSSEPHORA-05-2S,instock,2
"TRISTAN SIDE BOARD",DINSB14723-WALDGREY,instock,2
"CHIARA SOFA",SSCS10041F-1200,instock,2
"SCABIOSA - Orange",SSADS336-FB913,instock,2
AZZURRA-BENCH,MBRBS20155(BEN),instock,2
"HYADD SIDEBOARD + MIRROR",DINHYADD-BUFFET,instock,2
"ZURI SOFA SET - Brown Pink, 2 SEATER",SSF9312-79-34-2S,instock,2
"CASA-CHAIR - Light Grey, Chair",SST2507-G2,instock,2
"JOSIE-CHAIR - Pea Green",SSKFA031-NL5126,instock,2
"LAUREN CORNER SOFA",SSKF2039-F-166,instock,2
"CHIARA ROUND DINING TABLE",DINCW30004-1500RT,instock,2
"SALMA-6 DOOR WARDROBE",MBRP447(WARD)-BLUE,instock,2
"EDGAR COFFEE TABLE","CTE181-F23-GREY MATT",instock,2
"BELLAMY SOFA SET",SSF9337-106-56,instock,2
"VIVANTE 4 SEATER SOFA",SSFRS-11752-G1,instock,2
"BELLAMY SOFA SET - Pink D.Grey, 2 Seater Sofa",SSF9337-34-84-2S,instock,2
"HANK-CHAIR - GOITTO MOUSE + ANTIQUE BRASS",SSCC2339-G2,instock,2
"NEWTON DINING TABLE - Amana Rose Marble, 300cm x 120cm x 75cm.",DINDT17091-AMANAROSE,instock,2
"QUATRO SOFA SET - Grey Green, 2 SEATER",SSQUATRO-2S-G2,instock,2
"SVANA SOFA SET - Brown Grey, 2 SEATER",SSAD-S689-968-2S,instock,2
"VIVALDI CORNER SOFA - Beige + Brown, Right Corner + Pouf",SSVIVALDI-COR04+07,instock,2
"HAVEN  COFFEE TABLE",CTCW10002-1150,instock,2
"NOVA BED",MBRA2261-5,instock,3
"BERYL DINING CHAIR",DINDC2271-G1,instock,3
"RESIN PAINTING 119",ACNB126-S-RESIIN,instock,3
"RIVA-CHEST OF DRAWER",MBRP472-CH-G1,instock,3
"FRANKIE SOFA SET",SSF8923+55DECKER84,instock,3
"FALAK-4 DOOR WARDROBE",SBRA520(WARD),instock,3
"RESIN PAINTING  112",ACAW-275-S-MATT,instock,3
"DAVIS-CHAIR - Grey, Chair",SSDAVIS-51A,instock,3
"EPPIE DIING TABLE",DINDT2162,instock,3
"ASEELA- DINING TABLE - WHITE+SILVER, 4 M DINING TABLE + 2 ARM CHAIR + 12 SIDE CHAIR",DINA568D(4.0M),instock,3
OROMAN,SSAHS011-A,instock,3
"ABSTRACT PAINTING 5",ACFC-L-14064-1,instock,3
"VALENCIA SOFA SET - Brown &amp; Tan, 3+3+1+1 Sofa Set",SSVALENCIA-06+08-G6,instock,3
"FIRENZE SOFA SET - Grey, 4 seater+3 seater+1 seater+1seater+Ottoman",SS8003-GREY-G3,instock,3
"SHELLEY - Ivory",SSKFA033-D-688,instock,3
"ZARINA-4 DOOR WARDROBE",SBRA574-WR-G2,instock,3
SHEEP,KIDSLTM11-WHITE,instock,3
"SELENA - DARK GREEN",SSSELENA-106,instock,3
"LEAF RESIN PAINTING",ACAW-331-S-MATT,instock,3
"AZZURRA- BED SET",MBRBR20155,instock,3
"TREE PAINTING 2",ACFCZ-P856-2,instock,3
"PAULA COFFEE TABLE",CTCF-CJ1360A,instock,3
"PATTERN RESIN PAINTING",ACJM139RESIIN,instock,3
"QUEEN - Green",SSQUEEN(CHR)155,instock,3
"RESIN PAINTING 118",ACNB125-S-MATT,instock,3
"LED  TABLE LAMP - Grey",ACMT10872-1-320-G,instock,3
"DAVIS-CHAIR - Dark Grey, Chair",SSDAVIS-68A,instock,3
"VALENCIA SOFA SET - Grey Brown, 1 SEATER",SSF-VALENCIA-1S-02,instock,3
"SHERWIN COFFEE TABLE",CTBFJ2858A,instock,3
"FRITZEL TWO SEATER WITH OTTOMAN - Light Grey, 2 seater+ Ottoman",SSFF576-A02-G2,instock,3
"JOLEENE BED",MBRA2283,instock,3
"LED TABLE LAMP",ACMT60190-1A-490,instock,3
"RESIN PAINTING  111","ACAW-283-S 1-MATT",instock,3
"NANDI BED - Beige, QUEEN BED",MBRSK015-QNYF8006-1B,instock,3
CASA-CHAIR,SST2507-G1,instock,3
"HARIET BEDROOM SET",MBRHARIET-BED-AN-B,instock,3
"SEPHORA SOFA SET - Light Grey Sky Blue, 2 SEATER",SSSEPHORA-07-2S,instock,3
"RESIN PAINTING 102",ACAW-301-MATT,instock,3
"SELENA - DARK BROWN",SSSELENA-79,instock,3
"BRIO SOFA SET",SS8012-G2,instock,3
"TREE  PAINTING 1",ACFCZ-P856-1,instock,3
"CLOCK RESIN PAINTING",ACAW057RESIIN,instock,3
"ECHO-ROUND TABLE",DINROUNDTABLE-BRASS,instock,3
"ALYA-CHEST OF DRAWER","MBRA584 CHEST",instock,3
"ABSTARCT PAINTING",ACFCC-14054-2,instock,3
"Small Hurricane",ACCNCHN001S,instock,3
"QUATRO SOFA SET - Grey Green, 3Seater + 2Seater + 1 Seater + 1Seater + Pouf",SSQUATRO-G2,instock,3
"TRAVOLTA BED",MBRB19004-CP-01,instock,3
"TIFANY 3.5 SEATER",SSKF068-3S-G1,instock,3
"RESIN PAINTING 117",ACAW-264-S-MATT,instock,3
"NEWTON DINING TABLE",DINDT17091-ONIYX,instock,3
"RESIN PAINTING 113",ACAW-277-S-MATT,instock,3
CLAUDE-CHAIR,"SSFM532-F22 BRW OAK",instock,3
"PIXIE SOFA SET - Pink + Light Grey Cushions, 3 SEATER",SSF9304-34-75-3S,instock,3
"UNICORN - off white, LARGE",KIDSLTY14-OFFWHITE,instock,3
"DAVIS-CHAIR - Light Green, Chair",SSDAVIS-67A,instock,3
"EVA-DINING TABLE - WHITE+GOLD, 4.0 M DIN.TABLE + 2 ARM CHAIR + 12 SIDE CHAIR","DINA547 (4.0M)",instock,3
"TRAPEZOID COFFEE TABLE",CTCT2360-REC-G2,instock,3
"ASEELA- DINING TABLE - WHITE+SILVER, 3.2 M DINING TABLE + 2 ARM CHAIR + 8 SIDE CHAIR",DINA568D(3.2M),instock,3
"FLAMENCO CORNER SOFA - Grey, Corner Sofa",SSF-FLAMENCO-A051-18,instock,3
RHINO,KIDSLTY02-GREY,instock,3
"KERRY BED - SAPPHIRE, KING BED",MBRKERRY-G5,instock,3
"SELENA - Dark Grey",SSSELENA-84,instock,3
"CITY  RESIN PAINTING",ACAW-315-GLOSSY,instock,3
"MARGARETTE CORNER SOFA SET - Light Grey Pea Green, CHAISE + HALF CT",SS5037-5102-CHA-G2,instock,3
"SHERWIN COFFEE TABLE - WHITE MARBLE + BLACK ASH, Coffee Table",CTBFJ2858AM,instock,3
"DUBAI SOFA SET",SSDUBAI-G1,instock,3
KATHERINE-CHAIR,SSYZ056A-G2,instock,3
"EVA-DINING TABLE","DINA547 (3.0M)",instock,3
"RENEE - MUSTARD",SSFRS07-146,instock,3
"MARGARETTE CORNER SOFA SET - Light Grey Spa Blue, CHAISE + HALF CT",SS5037-5115-CHA-G2,instock,3
"TIFANY 3.5 SEATER - Blush, 3.5 SEATER LEFT",SSKF068-3S-G2,instock,3
"VIVANTE 4 SEATER SOFA - Granite With Frost Cushion, 4 Seater",SSFRS-11752-GRANITE,instock,3
"KAROLINA SOFA SET",SSAY-S683-BZ,instock,3
"JOLANDA-4 DOOR WARDROBE",SBRA522(WARD),instock,3
"DEER  PAINTING 2",ACFCV-P829B-2,instock,3
"SAVINA DININGTABLE",DINDT18035-MAR-AMAN,instock,3
"DALI COFFEE TABLE",CTC19010A,instock,3
"Large Hurricane",ACCNCHN001L,instock,3
"GEOVANA-6 DOOR WARDROBE",MBRCCH37-PWHITEA,instock,3
"ZEENAT SOFA SET - Beige and Light Grey, 2 SEATER",SSE1852-3S,instock,3
"AYRA CHAISE LOUNGE - Beige Grey+White, Chaise Lounge without Arm",SSF9512-WO-ARM,instock,4
"LEONARDO DINING TABLE",DIN17033-WALNUT,instock,4
"Glass Vase",ACCNIDVZSN002,instock,4
"FIORE-BED SET",MBRBR20152-20-6225,instock,4
"SVANA SOFA SET",SSAD-S689-968,instock,4
"RESIN PAINTING  116",ACAW-264-MATT,instock,4
"PIXIE SOFA SET - Pink + Light Grey Cushions, 1 SEATER",SSF9304-34-75-1S,instock,4
"VALENCIA SOFA SET - Grey Brown, 3 SEATER",SSF-VALENCIA-3S-02,instock,4
"FRITZEL TWO SEATER WITH OTTOMAN - Dark Beige, 2 seater+ Ottoman",SSFF576-A02-G3,instock,4
"Textured Platter",ACCNIDTRN008,instock,4
"RIVA 4 DOOR WARDROBE",SBRP472-WR-G2,instock,4
"MAGNUM SOFA SET - Grey, 3+3+1+1 Sofa Set",SSMAGNUM-G2,instock,4
"ROSSETTI CORNER SOFA",SSKF065-COR-G2,instock,4
"RIVA-2 SINGLE BED",SBRP472-G3,instock,4
MOLLY,SSFF770-A01,instock,4
"ISABELLA-SOFA SET",SSML20890-6479,instock,4
"WOWIE COFFEE TABLE",CTBFJ2980C,instock,4
"PIXIE SOFA SET",SSF9304-34-75,instock,4
"SEPHORA SOFA SET - Elephant &amp; Light Grey, 1 SEATER",SSSEPHORA-05-1S,instock,4
"ZURI SOFA SET - Brown Pink, 1 SEATER",SSF9312-79-34-1S,instock,4
"TRAPEZOID DINING TABLE",DINDT2360-225-G2,instock,4
"GOYA  COFFEE TABLE MARBLE TOP",CTT18157-1111-G2,instock,4
"JOSIE-CHAIR - MINK",SSKFA031-O7019,instock,4
"EVA-4 DOOR CELLARET","DINA547-4D CELLARET",instock,4
"ASEELA-BED SET",MBRA568-G1,instock,4
"RIGHT SIDE FLOWER  PAINTING",ACFCV-P800R-1,instock,4
"ABSTARCT PAINTING 1",ACFCC-14056-1,instock,4
"TRAVOLTA BED - Beige, KING BED",MBRB19004-CP-12,instock,4
"ALYA 6 DOOR WARDROBE","MBRA584 WARD",instock,4
"FISH RESIN PAINTING",ACNA100RESIIN,instock,4
"QUATRO SOFA SET - Grey Green, Pouf",SSQUATRO-PF-G2,instock,4
"SVANA SOFA SET - Brown Grey, 1 SEATER",SSAD-S689-968-1S,instock,4
"VALENTINA SOFA SET - Grey, 3+2+1 SOFA SET",SS8001-GREY-G2,instock,4
"LUCINDA SOFA SET - SAN REMO SUMMER STORM, 1 SEATER",SSLUCINDA-1S-G1,instock,4
"FLAVIA-DINING TABLE",DINADT41-2400,instock,4
"RAYVER COFFEE TABLE",CTC18053,instock,4
"MARGARET - Grey",SSMARGARET-ANTSIL,instock,4
"ROUND PENDANT LAMP",ACMD21538-12-550T,instock,4
"MICHELA DINING CHAIR - Grey",DINCH17019-DJ1804-4,instock,4
"VALENCIA SOFA SET - Brown &amp; Tan, 3 SEATER",SSVALENCIA-08-3S-G6,instock,4
"ABSTRACT PAINTING 4",ACFC-L-14063-1,instock,4
"RESIN PAINTING  105",ACAW-300-1-GLOSSY,instock,4
"ZURI SOFA SET - Grey Blue, 1 SEATER",SSF9312-67-105-1S,instock,4
"GENEVE 3 SEATER SOFA - Light Grey + Grey + Green, 3 Seater Sofa",SSAD-S812-BZ-3S,instock,4
"RESIN PAINTING  100",ACAW239S,instock,4
"HORSE OIL PAINTING",ACFC8680-1,instock,4
"JOSIE-CHAIR - MILLENNIUM POWDER",SSKFA031-NL5162,instock,4
"INESSA  COFFEE TABLE",CTCD-CJ1552B,instock,4
"CIRCEL RESIN PAINTING",ACGT092RESIIN,instock,4
"CLOE COFFEE TABLE - WHITE PORCELAIN + ANTIQUE BRONZE, Coffee Table",CTCT2414-G1,instock,4
"DANTE BED - Grey, SINGLE BED",SBRSK025-SN-JY1011-2,instock,4
"HANK-CHAIR - SAN REMO SPRING",SSCC2339-G1,instock,4
"AFRA-CHEST OF DRAWER",MBRA103(CHEST)-23J,instock,4
"CATALEYA DISPLAY SHELF",DINDS17138,instock,4
"ZEBRA FACING RIGHT  PAINTING",ACFCV-P868-2CHZ,instock,4
"QUATRO SOFA SET - Beige + Brown, 3 SEATER",SSQUATRO-3S-G1,instock,4
RIVA-WARDROBE,MBRP472-WR-G1,instock,4
"Leaf Platter - GOLD, SMALL",ACCNIDTZRN002S,instock,4
"SIROCCO SOFA SET",SSSIROCCO-G2,instock,4
"Leaf Platter",ACCNIDTZRN002L,instock,4
"VERA - Light Grey",SSFP1876-50,instock,4
"SHALISTON SOFA SET",SSADS660-BLUE,instock,4
"NANINA SECTIONAL SOFA - Warm Grey Light Brown, Section Sofa",SSNANINA-G1,instock,4
"RIVA-4DOOR WARDROBE",SBRP472-WR-G1,instock,4
"SHALISTON SOFA SET - Blue, 2 SEATER",SSADS660-2S-BLU,instock,4
"FRANKIE SOFA SET - Black, Single Seater",SSF8923-1S,instock,4
"ROSSETTI SWIVEL CHAIR",SSKF065-1S-G2,instock,4
"RESIN PAINTING 110",ACAW-283-MATT,instock,4
"RIVA-4 DOOR WARDROBE",SBRP472-WR-G3,instock,4
"LAUR COFFEE TABLE","CTC18175 NEW",instock,4
"HANDERSON SIX DOOR WARDROBE",MBRHANDERSON-WR-OAK,instock,4
"TREES PAINTING",ACFCW-14069-1,instock,4
"EVANDRO SINGLE CHAIR",SSAF-S1891,instock,4
"CLAUDE-CHAIR - Brown, Chair",SSFM532-B+C,instock,4
"VALENCIA SOFA SET - Brown &amp; Tan, 1 SEATER",SSVALENCIA-08-1S-G6,instock,4
"VALENCIA SOFA SET - Beige, 1 SEATER",SSF-VALENCIA-1S-G3,instock,4
"OIL PAINTING",ACFC8125E-2,instock,4
"ZURI SOFA SET - Brown Yellow, 1 SEATER",SSF9312-18-146-1S,instock,4
"SAGE  COFFEE TABLE",CT-C19265B-1111,instock,4
"MARGARETTE CORNER SOFA SET",SS5037-C-822-G4,instock,4
"CAT - Light Grey, MEDIUM",KIDSLTR09-LGREY,instock,4
"CHIARA ROUND DINING TABLE - Smoke Oak + Black, ROUND DINING TABLE WITH LAZY SUSAN",DINCW30004-REV,instock,4
"YELLOW FISH RESIN PAINTING",ACNA101RESIIN,instock,4
"MARGARETTE CORNER SOFA SET - Light Grey, OTTOMAN + HALF CT",SS5037-5115-OTT-G2,instock,4
"SVANA SOFA SET - Light Grey+White, 1 SEATER",SSAD-S689-1013-1S,instock,4
"SHAYLA BENCH",DINDC16003-WALNUT,instock,4
"ROSHAN-BED SET",MBRA565-G1,instock,4
"SAVINA COFFEE TABLE",CT-18035-WALNUT,instock,4
"VESPA COFFEE TABLE",CTM729T-WHTMARBLE,instock,5
"SHALISTON SOFA SET - Blue, 1 SEATER",SSADS660-1S-BLU,instock,5
"RESIN PAINTING 106",ACAW-300-2-GLOSSY,instock,5
"ROULA-SOFA SET",SSHA6096(NEW),instock,5
"TRAVOLTA  DINING TABLE",DINT18369-1111,instock,5
"HORSE HEAD RESIN PAINTING",ACAW098RESIIN,instock,5
"LANZA 3 SEATER",SSRSA0370-3S,instock,5
"DEER - blue + off white, MEDIUM",KIDSLTR04-BLUE,instock,5
"SHAYLA SIDE BOARD",DINSB16003-NEW,instock,5
"Textured Bowl",ACCNIDTNP001A,instock,5
"DEER PAINTING 1",ACFCV-P829B-1,instock,5
"Textured Clock gold",ACCNIDCZKN003B,instock,5
"LUCINDA SOFA SET - Rubino Taupe + Antique Brass, 1 SEATER",SSLUCINDA-1S-G2,instock,5
"VERA - LIGHT COFFEE",SSFP1876-51,instock,5
"MIRREN DINING TABLE",DINDT2359-REC,instock,5
"Round Flower Vase",ACCNIDVSN002G,instock,5
"DUBAI SOFA SET - Brown, 3+3+1+1 Sofa Set",SSDUBAI-G2,instock,5
"BOLTON COFFEE TABLE",CTRCM-7307-CT,instock,5
"ASEELA- DINING TABLE - WHITE+SILVER, 3.6 M DINING TABLE + 2 ARM CHAIR + 10 SIDE CHAIR",DINA568D(3.6M),instock,5
EVA-BUFFET+MIRROR,DINA547-BUF+MIRR,instock,5
SEAL,KIDSLTY20-YELLOW,instock,5
MILLER,SSMILLER-19,instock,5
"BIRD OIL PAINTING 1",ACFC8401B-1,instock,5
"SOMAYA-BED SET",MBRA553(4PCS),instock,5
"RANDO COFFEE TABLE",CTC18161-NEW,instock,5
"SALMA-BED SET",MBRP447(4PCS)-BLUE,instock,5
HANK-CHAIR,SSCC2339-G3,instock,5
"Horse Walker Statue",ACCNDEN025,instock,5
DAVIS-CHAIR,SSDAVIS-105,instock,5
VERA,SSFP1876-51,instock,5
EVALINA-BUFFET,DINABU46(BUFF),instock,5
"UNICORN - off white, MEDIUM",KIDSLTR22-OFFWHITE,instock,5
"QUATRO SOFA SET",SSQUATRO-G1,instock,5
"VERDEA SOFA SET",SSADS693-BZ-A,instock,5
"TIFFANY-CHEST OF DRAWER",MBRCDS55-PWHITE,instock,5
"GENEVE 3 SEATER SOFA - Green + Light Grey + Dark Grey, 3 Seater Sofa",SSAD-S812-BZ-3S-08,instock,5
"LEONARDO COFFEE TABLE MARBLE",CTCT-17033-MARBLE,instock,5
"FINLEY COFFEE TABLE","CT26FC011-MATT BLUE",instock,5
"LEFT SIDE FLOWER  PAINTING",ACFCV-P800R-2,instock,5
"RESIN PAINTING",ACAW054RESIIN,instock,5
"ROUND CEILING  LAMP",ACMD21538-24-800T,instock,6
"RESIN PAINTING 109",ACAW-282-MATT,instock,6
"NANINA SECTIONAL SOFA - Munich Caribou with Light Brown &amp; Warm Grey Cushions, Sectional Sofa",SSNANINA-G2,instock,6
"ELEPHANT - light grey +off white, LARGE",KIDSLTY04-LGREY,instock,6
"MAJOR BED + 2 NIGHT STAND - ANTONIO DOVE+LUX MOON DUST, KING BED (200X200)+2 NT",MBRBD2406KN-G3,instock,6
"GAYLA BEDROOM SET",MBRGAYLA-KN-200X200,instock,6
"BIRD OIL PAINTING  2",ACFC8401B-2,instock,6
"JAGUAR PAINTING",ACFCZ-P807-1,instock,6
"ZEBRA OIL PAINTING",ACFC4879,instock,6
"BRAM 3 SEATER",SSSF2410-30-G1,instock,6
"SVANA SOFA SET - Light Grey+White, 3+2+1+1 Sofa Set",SSAD-S689-1013,instock,6
"AYDEN SOFA SET",SSSF17081-G1,instock,6
"Leaf Tray",ACCNTRN002G,instock,6
"SLOANE SECTIONAL SOFA",SSS0386-01-G2,instock,6
"RIVA- 2 SINGLE BED SET",SBRP472-G4,instock,6
"LED  TABLE LAMP",ACMT10872-1-320-C,instock,6
"RESIN PAINTING 108",ACAW-290-MATT,instock,6
ODEA,SSS0385-1D-G2,instock,6
"TABLETOP DÉCOR - red+green+white",ACDC0251,instock,6
"MAJOR BED + 2 NIGHT STAND - DIAMOND MILK+TITANIUM., KING BED (200X200)+2 NT",MBRBD2406-G1,instock,6
"RHEA-SOFA SET","SSFF9906-G2 NEW",instock,6
"SHELLEY - INK",SSKFA033-C-758,instock,6
"PENDANT LAMP  PAINTING 2",ACFCFC-00152L,instock,6
"VALENCIA SOFA SET - Beige + Brown, 3 SEATER",SSF-VALENCIA-3S,instock,6
"WOOD TREE  PAINTING  2",ACFCZ-P857B-2,instock,6
"BRAM CHAIR",SSCC2411-G1,instock,6
"LANZA 2 SEATER",SSRSA0370-2S,instock,6
"TRAVOLTA BED - Beige, KING BED",MBRB19004-CP07,instock,6
"XAVIER SOFA SET - Light Grey, 3+2+1+1 Sofa Set",SSF9315-75,instock,6
"ROLDAN BED - LIGHT BLUE, QUEEN BED",MBRSK010-QNJY1011-10,instock,6
"FOREST-CHAIR - SAN RUBINO TAUPE",SSCC2336-G2,instock,6
"EKAT SOFA SET - Ottoman",SSU766-1-OTT-G1,instock,6
"LONDON SOFA SET - Beige with Cushions in Brown, 4 seater + 3 seater + 1 Seater",SSKF2050-C-1271-G1,instock,6
"DAMON-CHAIR - SAN REMO SPRING SPROUT + ANTIQUE BRONZE, Chair",SSCC2317-G1,instock,6
"SHELLEY - KHAKI",SSKFA033-C-855,instock,6
"BUDDHA FRONT FACE PAINTING",ACFCV-P825-2,instock,6
"RESIN PAINTING  104",ACAW-303-MATT,instock,6
"HORSE - red + off white, MEDIUM",KIDSLTR10-RED,instock,6
"ABSTRACT PAINTING 2",ACFCC-14056-2,instock,6
"VIVALDI CORNER SOFA - Blue, Pouf",SSVIVALDI(POUF)K12,instock,6
"ZEBRA FACING LEFT PAINTING",ACFCV-P868-1CHZ,instock,6
"HORSE SCULPTURE LARGE",ACCNDEN043,instock,7
"EDWARD-CHAIR - SAN REMO WINTER CLOUD + NOBILITY GREY, Chair",SSCC2320-G2,instock,7
CLASS-CHAIR,SSCLASS-CHAIR-ELF05,instock,7
"NOLAN  COFFEE TABLE",CTC19004,instock,7
"KAIRA  COFFEE TABLE",CT-C17183,instock,7
"CLASS-CHAIR - WHITE + GREEN, Chair",SSCLASS-CHAIR-ELF06,instock,7
"ROBERT DINING TABLE",DT16152,instock,7
"KEEGAN COFFEE TABLE",CTCT19048,instock,7
"QUATRO SOFA SET - Beige + Brown, Pouf",SSQUATRO-PF-G1,instock,7
EDWARD-CHAIR,SSCC2320-G1,instock,7
"ELLISE SOFA SET",SSAD-S662-BZ-A,instock,7
"CAT - Light Green, MEDIUM",KIDSLTR09-LGREEN,instock,7
"JOHN COFFEE TABLE","CTM725-WAL+MATT GREY",instock,7
"FRANCY COFFEE TABLE",CT-FRANCY-A096-08,instock,7
"PIXEL  COFFEE TBALE",CTC17180,instock,7
"CARRY TABLE",DINCARRY-DT-SMOAK,instock,7
"WOOD TREE PAINTING  1",ACFCZ-P857B-1,instock,7
"ROLDAN BED - Grey, SINGLE BED",SBRSK010-SN-JY1011-2,instock,8
"Hurricane Candleholder - antique brass, SMALL",ACCNIDCHN013S,instock,8
EVALINA-BUFFET+MIRROR,DINABU46+BUF+MIR,instock,8
"GIRAFFE - YELLOW, MEDIUM",KIDSLTR06-YELLOW,instock,8
"ASEELA-BUFFET WITH MIRROR",DINA568-BUF,instock,8
"HYADD COFFEE TABLE",CTHYADD,instock,8
FAITH-CHAIR,SSPAULINE,instock,8
"DECORATIVE SET",ACF-BJ213-1-2-3,instock,8
"QUATRO SOFA SET - Beige + Brown, 1 SEATER",SSQUATRO-1S-G1,instock,8
"HYADD DINING TABLE",DINHYADD-1.8M,instock,8
"HARIET BENCH",MBRHARIET-MFL34,instock,8
"WOWIE COFFE TABLE",CTBFJ2980A,instock,8
"MAGNUM SOFA SET",SSMAGNUM-G1,instock,8
DINOSAUR,KIDSLTM02-GREEN,instock,8
"CAMIA COFFEE TABLE - WALNUT + BRUSHED NICKEL, Coffee Table",CTC11579-WALNICKEL,instock,8
"KRISS BEDROOM SET",MBRKRISS-ARTOAK,instock,8
"CAMIA COFFEE TABLE",CTC11579-SMOKYNICK,instock,8
"SEPHORA SOFA SET - Light Grey Sky Blue, 1 SEATER",SSSEPHORA-07-1S,instock,8
MARGARET,SSMARGARET-ROSEGD,instock,8
"WOMAN FACE LEFT OIL PAINTING",ACFC5345S-2,instock,8
"DOG - camel + off white, MEDIUM",KIDSLTR07-CAMEL,instock,8
"HERO-CHAIR - ORANGE + BEIGE","CHRFM727-L CHAIR",instock,8
"BECK -CHAIR - GREY + BEIGE, Chair",SS-BECK-A096-09,instock,8
"JARAH SOFA SET",SSMY663-4S,instock,8
"FRAMED WALL MIRROR",ACOA5891,instock,9
"VALENCIA - GREY + BEIGE CUSHION",SSVALENCIA-KEN-02CHR,instock,9
"BELISIMA -CHAIR",SSAMBO-DY8031A,instock,9
"LED  PENDANT LAMP",ACMD10176-5001500H,instock,9
"CAT - off white, MEDIUM",KIDSLTR09-OFFWHITE,instock,9
"RENDEL COFFEE TABLE",CT14804-1111,instock,9
"WOMAN  FACE RIGHT OIL PAINTING",ACFC5345S-1,instock,9
"CORINNA SOFA SET",SSU510+CH098C,instock,9
"VALENCIA SOFA SET - Grey with Beige cushions, 1 SEATER",SSVALENCIA-KEN-02CHR,instock,9
"IRMA CLUB CHAIR",SSMARGARET-ROSEGD,instock,9
"BECK -CHAIR",SS-BECK-A096-08,instock,9
"SANDRINO COFFEE TABLE",CTKFH10604,instock,9
"CASA CORNER SOFA",SSSF19008-CORNER,instock,9
"ZARINA SINGLE BED",SBRA574-G2,instock,9
"ABSTARCT PAINTING 3",ACFCC-14056-3,instock,9
"DOG - grey +off white, MEDIUM",KIDSLTR07-LGREY,instock,9
"CATALEYA DINING TABLE MARBLE",DINDT19005-MARBLE,instock,9
"LUGANO - Oxford Blue",SSC0388-1D-G2,instock,9
"LONG PENDANT LAMP",ACMD21538-10-1000T,instock,9
"PENDANT LAMP PAINTING 1",ACFCFC-00151L,instock,9
"HORSE - blue + off white, LARGE",KIDSLTY07-BLUE,instock,10
"LUCIANA COFFEE TABLE",CTBERLINO-01,instock,10
"GENEVE LONG CORNER SOFA",SSAD-S812-BZ-LC-G2,instock,10
"EVALINA-DINING TABLE",DINADT46-TABLE-OAKM,instock,10
"IRMA BEDROOM SET","MBRIRMA-KING BED",instock,10
"UNICORN - pink + white +grey, MEDIUM",KIDSLTR22-PINK,instock,10
"TABLETOP DÉCOR - dark blue +white",ACDC0247,instock,10
"MICHELA COFFEE TABLE",CT-18017,instock,10
"BELISIMA -CHAIR - Grey, Chair",SSF9341-68,instock,10
"HAVEN-CHAIR - PLAID + PLEASURE SMOKEY LEATHER",SSCS20042F-CHR-G1,instock,10
FOREST-CHAIR,SSCC2336-G1,instock,10
"QUATRO SOFA SET - Grey Green, 1 SEATER",SSQUATRO-1S-G2,instock,10
"CAT - Light Green, SMALL",KIDSLTM05-LGREEN,instock,10
"HORSE - yellow + off white, LARGE",KIDSLTY07-YELLOW,instock,10
"ELEPHANT - red+camel, LARGE",KIDSLTY04-RED,instock,10
"HORSE - blue + off white, MEDIUM",KIDSLTR10-BLUE,instock,10
LUGANO,SSC0388-1D-G1,instock,10
"COOPER SIDE CHAIR",DINCH17178-1463,instock,10
"HAVEN CORNER+2 CHAIR - White Plaid, Chair",SSCS20042F-CHR-G1,instock,10
"BELISIMA -CHAIR - Light Grey, Chair",SSF9341-75,instock,10
"ALYA-BED SET",MBRA584,instock,10
"ELEPHANT - red, MEDIUM",KIDSLTR02-RED,instock,10
"VALENCIA SOFA SET - Light Brown, 1 SEATER",SSVALENCIA-KEN-04CHR,instock,11
VALENCIA,SSVALENCIA-KEN-04CHR,instock,11
UNICORN,KIDSLTM21-OFFWHITE,instock,11
"DOG - blue + off white, MEDIUM",KIDSLTR07-BLUE,instock,11
PANDA,KIDSLTM08-BLACK,instock,11
"PHILIP DINING CHAIR",DINDC2350-KD,instock,11
"RIVA-BED SET",MBRP472-G1,instock,11
"DEER - yellow + off white, MEDIUM",KIDSLTR04-YELLOW,instock,11
"VIVALDI CORNER SOFA - Grey, Pouf",SSVIVALDI(POUF)K02,instock,11
"CANDLE HOLDER",ACF0001,instock,11
"HORSE - red + off white, LARGE",KIDSLTY07-RED,instock,11
"BALDWIN CHAIR",SSCC2309-KD,instock,11
"TABLETOP DÉCOR - red+green+white",ACDC0250,instock,11
"HORSE - yellow + off white, MEDIUM",KIDSLTR10-YELLOW,instock,11
"VALENCIA SOFA SET - Beige + Brown, 1 SEATER",SSF-VALENCIA-1S,instock,11
CAT,KIDSLTM05-LGREY,instock,11
"ROUND DECORATIVE  MIRROR",ACOA6046,instock,12
"EVANDRO CHAISE LOUNGE","SSAD-S691-R-CHAISE,SSAD-S691-L-CHAISE",instock,12
"ODEA - Silver Grey",SSS0385-1D-G1,instock,12
"CAT - off white, SMALL",KIDSLTM05-OFFWHITE,instock,12
"VALENCIA SOFA SET - Grey Blue, 3+3+1+1 Sofa Set",SSVALENCIA-02+12-G5,instock,12
ELEPHANT,KIDSLTM03-RED,instock,12
"NOVANE DINING CHAIR - Grey + Walnut, 2400*1100*750",DINE760Y-WALNUTV07,instock,12
"VALENCIA - BROWN + BEIGE CUSHION",SSVALENCIA-KEN-06CHR,instock,12
"WESLEY LOBBY TABLE",DIN16138,instock,12
"TRAVOLTA DINING CHAIR - Black White",DINDC18020-G1,instock,12
FABIOLA-BENCH,MBRCDJ20BENCH,instock,12
"SHALISTON SOFA SET - Beige, 1 SEATER",SSADS660-1S,instock,12
"VALENCIA SOFA SET - Beige, 1 SEATER",SSVALENCIA-KEN-06CHR,instock,12
"ILLAN COFFEE TABLE",CTCD-CJ1551A,instock,12
LION,KIDSLTM12-CAMEL,instock,12
"AFRA-BED SET",MBRA103(BED)-23J,instock,12
"PARTRIDGE ON BRANCH SCULPTURE",ACH0496,instock,12
"CAPELLA DINING CHAIR",DINDC17078-M836,instock,13
"TABLETOP DÉCOR - dark blue +white",ACDC0246,instock,13
CAMEL,KIDSLTM10-CAMEL,instock,13
"MARLEEN CHAIR",SSCC2416,instock,13
"GOYA  COFFEE TABLE GLASS TOP",CTT18157-1111-G1,instock,13
DOG,KIDSLTM06-CAMEL,instock,13
"Large Textured Mirror  Gold",ACCNIDMRN004A,instock,13
"HORSE - yellow + off white, SMALL",KIDSLTM18-YELLOW,instock,13
"FALAK-BED(1.5) QUEEN BED SET",MBRA520(1.5)23J-019,instock,13
HERO-CHAIR,"CHRFM727- L CHAIR",instock,13
GIRAFFE,KIDSLTM01-YELLOW,instock,13
"DEER - pink+off white, SMALL",KIDSLTM09-PINK,instock,13
"HYADD BED - STILO WALNUT + MATT BLACK, SINGLE BED",SBRHYADD-BED(1.2),instock,14
"HORSE - blue + off white, SMALL",KIDSLTM18-BLUE,instock,14
"NORTON DINING CHAIR",DINE758Y(CHR)-WAL,instock,14
"FALAK-2 SINGLE BED SET",SBRA520(4PCS)-BEIANT,instock,14
"MONACO SOFA SET",SSMONACO-T5,instock,14
"GLASS  PENDANT LAMP",ACMD60179-1-180,instock,14
"GLAM  COFFEE TBALE",CTC19008,instock,14
"DEER - blue + off white, SMALL",KIDSLTM09-BLUE,instock,15
"DOG - blue + off white, SMALL",KIDSLTM06-BLUE,instock,15
"Textured Clock  black",ACCNIDCZKN003A,instock,15
"ICON DINING CHAIR",DINDC19001-G1,instock,16
"BOSCO BENCH",DINBOSCO-BCH,instock,16
"BOSCO DINING TABLE",DINBOSCO-DT,instock,16
"DOG - grey +off white, SMALL",KIDSLTM06-LGREY,instock,16
"Table Lamp",ACCNIDA007,instock,16
"REINA DINING TABLE","DT16152-AMANA ROSE",instock,16
EDWINA-CHAIR,SSEDWINA-ANTBRASS,instock,17
"KELVIN DINING CHAIR",DINDC2348-G1,instock,17
"ARNOLD COFFEE TABLE",CTC17035B,instock,17
"GIANNI  COFFEE TABLE",CTC19013,instock,17
HORSE,KIDSLTM18-RED,instock,17
"ELEPHANT - light grey +off white, SMALL",KIDSLTM03-LGREY,instock,17
"SHALISTON SOFA SET - Beige, 3+2+1+1 Sofa Set",SSADS660,instock,18
PAINTING,ACCNTOP2569,instock,18
"DESKTOP SCULPTURE",ACH0506,instock,18
DEER,KIDSLTM09-YELLOW,instock,18
"DAVID DINING CHAIR",DINCC2318(CHR),instock,19
"CALEB COFFEE TABLE",CT15832,instock,19
"MUSIC STAND",ACH0311,instock,19
"SET OF 3 PAINTING",ACCNBZWF060,instock,19
"TRAVOLTA DINING CHAIR - Black White",DINDC18020-G2,instock,20
"RENEE - Pink",SSFRS07-34,instock,20
"ZION COFFEE TABLE",CT14692,instock,22
"SCULPTURE SET OF 3",ACH0077,instock,22
"HOWARD DINING CHAIR",DINCH-16297,instock,22
"SQUARE  WALL MIRROR",ACOA5673,instock,22
"EVA-BED SET",MBRA547(4PC)23J-019,instock,22
"VALENCIA CHAISE SOFA",SSVALENCIA-CHA-07,instock,23
"ROUND LEAF MIRROR",ACOA5530,instock,24
"WESLEY DINING TABLE",DINDT-16092,instock,25
"FLY HORSE BLACK GOLD",ACZT0058,instock,25
"JARED DINING CHAIR - Rubino Taupe + Lux Titanium",DINDC2347-G3,instock,25
"COOPER SIDE CHAIR - Light Beige",DINCH17178-8035S,instock,25
"ICON DINING CHAIR - Beige",DINDC19001-G2,instock,26
"TERRENCE DINING CHAIR",DINCH-1498,instock,26
"ROBERT DINING CHAIR",DINCH-12001-1002,instock,27
