"Product / Variation",SKU,Status,Stock
"LAUREN CHAIR - Light Grey, Chair",SSKFA1032-F-167,instock,0
"EVA-4 DOOR CELLARET","DINA547-4D CELLARET",instock,0
"HARIET BEDROOM SET",MBRHARIET-BED-AN-B,instock,0
"PIXIE SOFA SET - Pink + Light Grey Cushions, 2 SEATER",SSF9304-34-75-2S,instock,0
"BRAM 3 SEATER",SSSF2410-30-G1,instock,0
"ZEID COFFEETABLE",CT-A879510,instock,0
"TALIA  END TABLE",CTCF-CJ1391C,instock,0
"MARGARETTE CORNER SOFA SET - Pea Green, OTTOMAN + HALF CT",SS5037-5126-OTT-G1,instock,0
"CARRY TABLE",DINCARRY-DT-SMOAK,instock,0
"NANDI BED - L.BEIGE, KING BED",MBRSK015-KING-A032-1,instock,0
"BERNADI -CHAIR - Grey, Chair",SSRS11693-G1,instock,0
"DOMONIQUE  SECTIONAL SOFA SET - Brown, Sectional Sofa Left+ Right+1 seater+1 seater+Ottoman",SS8006-XF1740-14,instock,0
"LAUR COFFEE TABLE","CTC18175 NEW",instock,0
"QUEEN SOFA SET - Light Brown, 4 Seater + 2 Seater + 1 Seater",SSQUEEN-DAYTONA108,instock,0
"HYADD SIDEBOARD + MIRROR",DINHYADD-BUFFET,instock,0
"ASEELA-CHEST OF DRAWER",MBRA568-CH-G1,instock,0
FONZY-CHAIR,SSFM525CHR+STL,instock,0
"ELQENNA SOFA SET - GREY + GOLD, 1 Seater Sofa",SSU751-1S-G2,instock,0
"SHALISTON SOFA SET - Blue, 1 SEATER",SSADS660-1S-BLU,instock,0
"MICHELA DINING CHAIR - Grey Brown",DINCH17019-8036S,instock,0
"VIVALDI CORNER SOFA - Grey Blue, Left Corner + Pouf",SSVIVALDI-FSET-G1-LT,instock,0
"GEOVANA-CHEST OF DRAWER",MBRCDS37-PEARLWHT,instock,0
"LAUREN - Green",SSKFA1032-F-166,instock,0
"HAVEN CORNER+2 CHAIR - Beige Plaid, Corner Sofa+2Chair",SSCS10081-G3,instock,0
"SHAYLA BENCH",DINDC16003-WALNUT,instock,0
"ZEENAT SOFA SET - Beige and Light Grey, 4 Seater",SSE1852-4S,instock,0
"ZARINA-BED SET",MBRA574-G1,instock,0
"RENEE - Pink",SSFRS07-34,instock,0
"BASQAL-BUFFET AND MIRROR",DINBT20108-19-20890,instock,0
"HANDERSON BEDROOM SET - ANTIQUE GREY, KING BED+2 NT+DRS+MIRR",MBRHANDERSON-1.5M,instock,0
"PIXIE SOFA SET - Pink + Light Grey Cushions, 3 SEATER",SSF9304-34-75-3S,instock,0
"BELLAMY SOFA SET - Pink D.Grey, Single Seater",SSF9337-34-84-1S,instock,0
"VERENA - Pink",SSF9887-CH-MEG34,instock,0
"SHERWIN COFFEE TABLE",CTBFJ2858A,instock,0
"MARGARETTE CORNER SOFA SET - Spa Blue Light Grey, CHAISE + HALF CT",SS5037-5133-CHA-G3,instock,0
"ALEXANDRA BEDROOM SET - Antonio Cameo, KING BED+2NIGHT STANDS",MBRBD2239-G2,instock,0
"MIRREN BEDROOM SET - RUBINO TAUPE+LUX TITANIUM., KING BED",MBRBD2418-BED,instock,0
"BELISIMA -CHAIR - Light Grey, Chair",SSF9341-75,instock,0
"DOMONIQUE  SECTIONAL SOFA SET - Beige, Sectional Sofa Left+ Right+1 seater+1 seater+Ottoman",SS8006-XF1740-12,instock,0
"GOYA  COFFEE TABLE MARBLE TOP",CTT18157-1111-G2,instock,0
"QUATRO SOFA SET - Grey Green, Pouf",SSQUATRO-PF-G2,instock,0
"HOWARD DINING CHAIR",DINCH-16297,instock,0
"ALYA-BED SET",MBRA584,instock,0
FAITH-CHAIR,SSPAULINE,instock,0
"ELQENNA SOFA SET - GREY + GOLD, 4 seater+2 seater+1 seater+1seater+Ottoman",SSU751-2-G2,instock,0
"SEPHORA SOFA SET - Light Grey Sky Blue, 3 SEATER",SSSEPHORA-07-3S,instock,0
"MIA DINING CHAIR - Grey",DINYZ133D-KF2807-2,instock,0
"VIVALDI CORNER SOFA",SSVIVALDI-CORNER,instock,0
FABIOLA-BENCH,MBRCDJ20BENCH,instock,0
LAUREN,SSKFA1032-F-166,instock,0
"HAVEN CORNER+2 CHAIR - White, Corner Sofa+2Chair",SSCS10081-G2,instock,0
"SAVINA DINING CHAIR - Light Beige",DINCH17052-8035S,instock,0
"ZEENAT SOFA SET",SSE1852,instock,0
"RIZZA-6 DOOR WARDRBE",MBRA550(WARD),instock,0
"ZARINA-4 DOOR WARDROBE",SBRA574-WR-G2,instock,0
"RENEE - Dark Grey",SSFRS07-84,instock,0
"LAUREN CORNER SOFA",SSKF2039-F-166,instock,0
"ASEELA- DINING TABLE - WHITE+SILVER, 2.4 M DINING TABLE + 2 ARM CHAIR + 6 SIDE CHAIR",DINA568D(2.4M),instock,0
"GAYLA BEDROOM SET",MBRGAYLA-KN-200X200,instock,0
"MAGNUM SOFA SET - Beige, 3+3+1+1 Sofa Set",SSMAGNUM-G1,instock,0
"BELLAMY SOFA SET - Pink D.Grey, 3 Seater+2 Seater+1 Seater+1 Seater",SSF9337-84-34,instock,0
"VERENA - Blue",SSF9887-CH-MEG26,instock,0
"INESSA  COFFEE TABLE",CTCD-CJ1552B,instock,0
"MARGARETTE CORNER SOFA SET - Light Grey Pea Green, CORNER + HALF CT",SS5037-5115-COR-G1,instock,0
"PATRIZIA-FOUR DOOR VETRINE",DINDP20107VETRINE,instock,0
"MIRREN BEDROOM SET",MBRBD2418-BED,instock,0
"BELISIMA -CHAIR - PINKISH BEIGE, Chair",SSAMBO-DY8031A,instock,0
"DANIELLA CORNER SOFA",SSFF777,instock,0
"GIANNI  COFFEE TABLE",CTC19013,instock,0
"QUATRO SOFA SET - Grey Green, 1 SEATER",SSQUATRO-1S-G2,instock,0
"COOPER SIDE CHAIR - Light Green",DINCH17178-8034S,instock,0
"AFRA-CHEST OF DRAWER",MBRA103(CHEST)-23J,instock,0
"EDWARD-CHAIR - SAN REMO SUMMER STORM, Chair",SSCC2320-G1,instock,0
"ELQENNA SOFA SET - Blue Gold, 3 Seater Sofa",SSU751-(3S)-G1,instock,0
"SEPHORA SOFA SET - Light Grey Sky Blue, 3+2+1+1 Sofa Set",SSSEPHORA-07,instock,0
"MATEO SIDE BOARD",DINSB19000,instock,0
"VALENTINA SOFA SET - Beige, 3+2+1 SOFA SET",SS8001-BEIGE-G1,instock,0
FIORE-BENCH,MBRBS20152-13-RCC,instock,0
"KATHERINE-CHAIR - Blue",SSYZ056A-G2,instock,0
"HAVEN CORNER+2 CHAIR - White Plaid, Corner Sofa+2Chair",SSCS10081-G1,instock,0
"ROBERT DINING TABLE",DT16152,instock,0
"XAVIER SOFA SET - Light Grey, 3 SEATER",SSF9315-3S-75,instock,0
RIVA-WARDROBE,MBRP472-WR-G1,instock,0
"TIFFANY-BED SET",MBRCBE55-PWHITE,instock,0
"QUEEN - Grey",SSQUEEN(CHR)139,instock,0
"KAROLINA SOFA SET - Beige with Cushions in Yellow &amp; Green, 3 SEATER",SSAY-S683-BZ-3S,instock,0
"ASEELA-BUFFET WITH MIRROR",DINA568-BUF,instock,0
"DANTE BED - Grey, QUEEN BED",MBRSK025-QN-JY1011-2,instock,0
"DUBAI SOFA SET - Brown, 3+3+1+1 Sofa Set",SSDUBAI-G2,instock,0
"BELLAMY SOFA SET - Grey Blue, 3 Seater+2 Seater+1 Seater+1 Seater",SSF9337-67-105,instock,0
"VERA - LIGHT COFFEE",SSFP1876-51,instock,0
"SONIA COFFEE TABLE",CTST-7086,instock,0
"MARGARETTE CORNER SOFA SET - Light Grey Spa Blue, CORNER + HALF CT",SS5037-5115-COR-G2,instock,0
"NANCY-DINING TABLE",DIND1601-NANCY,instock,0
"MARGE DRESSER+MIRROR",MBRDR2049-G1,instock,0
"BECK -CHAIR - GREY + BEIGE, Chair",SS-BECK-A096-09,instock,0
"COLEMAN 3 SEATER SOFA - Full body in SAN REMO WINTER CLOD with 3 Cushions in San Remo and 1 cushion in Dusty Yellow., 3 SEATER",SSSF2420-30-G1,instock,0
"ELIOT  COFFEE TABLE",CTC19014,instock,0
"QUATRO SOFA SET - Beige + Brown, Pouf",SSQUATRO-PF-G1,instock,0
"CAPELLA DINING CHAIR - Beige",DINDC17078-M836,instock,0
"VANA BED - MOSS, KING BED",MBRLR193C-38K-57,instock,0
"DAVIS-CHAIR - Light Green, Chair",SSDAVIS-67A,instock,0
"ELQENNA SOFA SET",SSU751-1-G1,instock,0
"SEPHORA SOFA SET - Elephant &amp; Light Grey, 1 SEATER",SSSEPHORA-05-1S,instock,0
"KELVIN DINING CHAIR - Polo Club Stone",DINDC2348-G1,instock,0
"VALENCIA SOFA SET - Grey with Beige cushions, 1 SEATER",SSVALENCIA-KEN-02CHR,instock,0
"FALAK-BED(1.5) QUEEN BED SET",MBRA520(1.5)23J-019,instock,0
"JOSIE-CHAIR - MINK",SSKFA031-O7019,instock,0
"GEMMA SOFA SET - Brown, 3 seater+2 seater+1 seater+1seater",SS1905-G2,instock,0
"TIFANY CORNER SOFA - Light Grey, Corner Sofa with Right Arm",SSKF068-G1,instock,0
"REINA DINING TABLE - White Onyx",DT16152-VICTORIA,instock,0
"XAVIER SOFA SET - Light Grey, 3+2+1+1 Sofa Set",SSF9315-75,instock,0
"RIVA-BED SET",MBRP472-G1,instock,0
"SALMA-CHEST OF DRAWER",MBRP447(CHEST)-BLUE,instock,0
QUEEN,SSQUEEN(CHR)165,instock,0
"KARLIE  SOFA SET - Blush, 3 seater+2 seater+1 seater+1seater",SSF9847-BLUSH,instock,0
"WESLEY DINING TABLE",DINDT-16092,instock,0
"BELISIMA BED",MBRAMBO-C8031-OATMEA,instock,0
"NEW QUATRO SOFA SET",SSNEWQUATRO-G5,instock,0
"SHAYLA COFFEE TABLE",CTC16003-NEW,instock,0
VERA,SSFP1876-51,instock,0
"TRAPEZOID COFFEE TABLE - Smoke Oak + Lux Titanium, Coffee Table",CTCT2360-REC-G1,instock,0
"MARGARETTE CORNER SOFA SET - Moonshine &amp; Mint, CORNER + HALF CT",SS5037-C-957-COR-G3,instock,0
"LA MER-DINING TABLE - BEIGE GLOSSY + GOLD, DIN.TABLE(3.0M)+ 10 SIDE CHAIR",DINP281(3.0M),instock,0
"MAJOR DRESSING TABLE + MIRROR",MBRDR2407-DRESSER,instock,0
"ERGO-SFOA SETS",SS8018-DARKGREY,instock,0
"COLEMAN 3 SEATER SOFA",SSSF2420-30-G1,instock,0
"CAMIA COFFEE TABLE - WALNUT + BRUSHED NICKEL, Coffee Table",CTC11579-WALNICKEL,instock,0
"QUATRO SOFA SET - Beige + Brown, 3Seater + 2Seater + 1 Seater + 1Seater + Pouf",SSQUATRO-G1,instock,0
"CAPELLA DINING CHAIR",DINDC17078-M836,instock,0
"TRAVOLTA BED - Beige, KING BED",MBRB19004-CP-12,instock,0
"DAVIS-CHAIR - NAVY, Chair",SSDAVIS-105,instock,0
"ELLISE SOFA SET - Nubuck Yellow Beige, 4 Seater+3 Seater+1 Seater+1 Seater",SSAD-S662-BZ-A,instock,0
"SAVOY SOFA SET - Beige Blue, Corner Sofa+Chair+Ottoman",SSY1803-G1,instock,0
"KELVIN DINING CHAIR",DINDC2348-G1,instock,0
"VALENCIA SOFA SET - Grey Brown, 1 SEATER",SSF-VALENCIA-02+01,instock,0
"EVA-6 DOOR WARDROBE",MBRA547(WARD),instock,0
"JOSIE-CHAIR - MILLENNIUM POWDER",SSKFA031-NL5162,instock,0
"FRITZEL TWO SEATER WITH OTTOMAN - Light Grey, 2 seater+ Ottoman",SSFF576-A02-G2,instock,0
"TIFANY 3.5 SEATER - Blush, 3.5 SEATER RIGHT",SSKF068-3S-G1,instock,0
"REINA DINING TABLE - Rose Gold Marble",DT16152-ROSEGLD,instock,0
"XAVIER SOFA SET - Grey, 1 SEATER",SSF9315-1S-76,instock,0
"RIVA-4 DOOR WARDROBE",SBRP472-WR-G3,instock,0
"ROTANA-CHEST OF DRAWER","MBRA582 CHEST-G1",instock,0
"ODEA - Silver Grey",SSS0385-1D-G1,instock,0
"KARLIE  SOFA SET - CHARCOAL, 3 seater+2 seater+1 seater+1seater",SSF9847-CHARCOAL,instock,0
"CARRY CHAIR",DINCARRY-CHR-SMOAK,instock,0
"ZURI SOFA SET - Grey Blue, 3 SEATER",SSF9312-67-105-3S,instock,0
"AYRA CHAISE LOUNGE - Beige Grey+White, Chaise Lounge with Arm",SSF9512-ARM,instock,0
"VALENCIA - Beige",SSVALENCIA-KEN-04CHR,instock,0
"MIKKY COFFEE TABLE",CTCTMIKKY-ESPR,instock,0
"MAGGIE LEISURE CHAIR",SSA1175-M5658,instock,0
"LA DIVA-DINING TABLE - WHITE + GOLD, DIN.TABLE(3.6)+2 ARM+10 SIDE CHAIR","DINP458 (3.6)",instock,0
"MAJOR DRESSER",MBRDR2407-DRESSER,instock,0
"RHEA-SOFA SET - BLACK AND GREY BEIGE, 3 seater+2 seater+1 seater+1seater+1 coffee table+2 end table","SSFF9906-G2 NEW",instock,0
"CASSIA 3 SEATER SOFA",SSSF18121-A3L-G2,instock,0
"ARNOLD COFFEE TABLE",CTC17035B,instock,0
"PAMELA SOFA SET",SSHA6108,instock,0
"BERYL DINING CHAIR",DINDC2271-G1,instock,0
"TRAVOLTA BED",MBRB19004-CP-01,instock,0
"DAMON-CHAIR - DIAMON OCHER + ANTIQUE BRASS, Chair",SSCC2317-G2,instock,0
"EKAT SOFA SET - Beige + Brown, 4 Seater Sofa",SSU766-2-4S-G2,instock,0
"SAVOY SOFA SET",SSY1803-G1,instock,0
"KEEGAN DINING CHAIR - Brown",DINCH18038-8040,instock,0
"VALENCIA SOFA SET - Grey Blue, 3+3+1+1 Sofa Set",SSVALENCIA-02+12-G5,instock,0
"EVA-BED SET",MBRA547(4PC)23J-019,instock,0
"HERO-CHAIR - Beige + Brown","CHRFM727- L CHAIR",instock,0
"FRANKIE SOFA SET - Black, Single Seater",SSF8923-1S,instock,0
"SVANA SOFA SET - Light Grey+White, 2 SEATER",SSAD-S689-1013-2S,instock,0
"ORABELLA DINING CHAIR - Light Beige + Walnut, 2400*1100*750",DINCH18027-8035S,instock,0
"XAVIER SOFA SET - Green, 2 SEATER",SSF9315-2S-65,instock,0
"NEW SOMAYA-6 DOOR WARDROBE","MBRA553 NEW WARD-G1",instock,0
ROSHAN-WARDROBE,MBRA565-WR-G1,instock,0
"NOAH - BEIGE + BROWN OAK",SSM511Y-C-G1,instock,0
"KADENCE SOFA SET - Brown &amp; Light Brown, 3 seater+2 seater+1 seater+1seater",SSKADENCE-LUNA5-7,instock,0
"TURIN DINING CHAIR",DINE557Y-C-SMKOAK,instock,0
"ZURI SOFA SET - Grey Blue, 3+2+1+1 Sofa Set",SSF9312-67-105,instock,0
"AYDEN SOFA SET - Light Grey With Turquoise Blue Cushions, 3 SEATER",SSSF17081-B2+C2-G2,instock,0
"SHELLEY - KHAKI",SSKFA033-C-855,instock,0
"CLOE COFFEE TABLE - GREY PORCELAIN + ANTIQUE BRASS, Coffee Table",CTCT2414-G2,instock,0
"LUCINDA SOFA SET - Rubino Taupe + Antique Brass, 3 seater+2 seater",SSLUCINDA-(3+2)-G2,instock,0
"LA DIVA BUFFET+MIRROR",DINP458-BUF+MIRR,instock,0
"KERRY BED - DOVE, KING BED",MBRKERRY-G2,instock,0
"RANIA-SOFA SET",SSML20900-G2,instock,0
"CANDICE SOFA SET - Sky Blue, 3 Seater+2 Seater+1 Seater+1 Seater+ottoman",SSF9833-61,instock,0
"SAVINA COFFEE TABLE",CT-18035-WALNUT,instock,0
"NANINA SECTIONAL SOFA - Easy Warm Grey Light Brown, Sectional Sofa",SSNANINA-G3,instock,0
"ANDES SIDE CHAIR - Grey (inner back) + Dark Grey (Outer Back)",DINCH17117-8040S,instock,0
"ROLDAN BED - LIGHT BLUE, QUEEN BED",MBRSK010-QNJY1011-10,instock,0
"CREED-CHAIR - Orange, Chair",SSFM529-G2,instock,0
"EKAT SOFA SET - Beige + Brown, 4 Seater+3 Seater+1 Seater+1 Seater +ottoman+ottoman",SSU766-2-G2,instock,0
"FELICITY COFFEE TABLE",CTTZ029B-03,instock,0
"ROMINA SOFA SET - Turquoise Green + Cushions in Off white, 4+3+1+1 Sofa Set",SSU761-2-G2,instock,0
"KATHERINE BUFFET NATURAL MARBLE",DINXG030A-CARYICE,instock,0
"VALENCIA SOFA SET - Brown &amp; Tan, 3+3+1+1 Sofa Set",SSVALENCIA-06+08-G6,instock,0
"ESTHER-CHEST OF DRAWER - MATT BEIGE GOLD, CHEST OF DRAWER",MBRA559(CHES)23J-019,instock,0
HAVEN-CHAIR,SSCS240042F-G3,instock,0
"FRANKIE SOFA SET - Black, 3 seater+3 seater+1 seater+1seater",SSF8923+55DECKER84,instock,0
"SVANA SOFA SET - Brown Grey, 3 SEATER",SSAD-S689-968-3S,instock,0
"NOVANE DINING CHAIR - Grey + Walnut, 2400*1100*750",DINE760Y-WALNUTV07,instock,0
"XAVIER SOFA SET",SSF9315-65,instock,0
"LILIAN-2 SINGLE BED SET",SBRA909(4PC)1512WJ,instock,0
"RIZZA-CHEST OF DRAWER",MBRA550(CHEST),instock,0
MOLLY,SSFF770-A01,instock,0
"JARAH SOFA SET",SSMY663-4S,instock,0
"ZURI SOFA SET - Brown Yellow, 1 SEATER",SSF9312-18-146-1S,instock,0
"AYDEN SOFA SET - Charcoal Grey With Orange Cushions, 3 SEATER",SSSF17081-B2+C2-G1,instock,0
"SHELLEY - Dark Grey",SSKFA033-F-113,instock,0
"SANDRINO COFFEE TABLE",CTKFH10604,instock,0
"LUCINDA SOFA SET - SAN REMO SUMMER STORM, 3 seater+2 seater",SSLUCINDA(3+2)-G1,instock,0
EVALINA-MIRROR,DINADT46-MIR-2400,instock,0
"KERRY BED - CAMEI, KING BED",MBRKERRY-G3,instock,0
"NADIA-SOFA SET",SSU725+CH119,instock,0
"CANDICE SOFA SET",SSF9833--57,instock,0
"LEONARDO COFFEE TABLE WALNUT",CTCT-17033-WALNUT,instock,0
"MONACO SOFA SET - 1. Full body in Light Grey with Cushions in Turquoise Blue., 2 SEATER",SSMONACO-2S-T5,instock,0
"ANDES SIDE CHAIR - Beige (inner back) + Light Beige (Outer Back).",DINCH17117-8035S,instock,0
"REMINGTON BED - Beige, SINGLE BED",SBRB1901-G2,instock,0
"CLAUDE-CHAIR - Brown, Chair",SSFM532-B+C,instock,0
"EKAT SOFA SET - Brown Beige, 3 Seater Sofa",SSU766-1-3S-G1,instock,0
"VICKY C COFFEE TABLE",CTC18054,instock,0
"ROCHELLE SOFA SET - Green, 3+2+1 SOFA SET",SSADS813BZ-1026,instock,0
"KATHERINE BUFFET BLACK MARBLE",DINXG030A-SILPEARL,instock,0
"VALENCIA SOFA SET - Beige, 3+3+1+1 Sofa Set",SSF-VALENCIA-04-G3,instock,0
"CAMUS-BED SET",MBRCAMUSB01-BED,instock,0
"HANK-CHAIR - SAN REMO SPRING",SSCC2339-G1,instock,0
"FLAMENCO CORNER SOFA - Beige, Corner Sofa",SSF-FLAMENCO-A051-13,instock,0
"SVANA SOFA SET - Brown Grey, 3+2+1+1 Sofa Set",SSAD-S689-968,instock,0
"NORTON-BUFFET(LEFT+RIGHT) -WALNUT+CLR/20130227A",DINB775-WALCLR,instock,0
"XAVIER SECTIONAL SOFA - Grey, Right Sectional Sofa",SSF9315-DECKER76(R),instock,0
"LEONA-6 DOOR WARDROBE",MBRP289-WARD,instock,0
"MILLER - Brown",SSMILLER-19,instock,0
"IRMA 3 SEATER SOFA",SSSFRANDI-3STR,instock,0
"TRAVOLTA DINING CHAIR - Grey White + Brass",DINDC18020,instock,0
"AYAN SOFA SET - Grey, 4 Seater",SSLR6015-4S-GREY,instock,0
"SELENA - DARK GREEN",SSSELENA-106,instock,0
"HYADD COFFEE TABLE",CTHYADD,instock,0
"LUCINDA SOFA SET",SSLUCINDA-G1,instock,0
"EVALINA-DINING CHAIR - BEIGE + SILVER FOIL, DINING CHAIR",DIN-ADC23-SILFOILA-L,instock,0
"JENNELE BENCH",MBR-JENNEELE,instock,0
"GRACE-SOFA SET - BEIGE + GOLD, 4 seater+3 seater+1 seater+1seater+1 coffee table+2 end table",SSU117+CH098-BEIGOLD,instock,0
"BRIO SOFA SET - Light Grey, 3 Seater Sofa",SS8012(3S)-G3,instock,0
"COOPER COFFEE TABLE",CT-17192-WALNUT+GLAS,instock,0
"MONACO SOFA SET - 1. Full body in Light Grey with Cushions in Turquoise Blue., 1 SEATER",SSMONACO-1S-T5,instock,0
"CHIARA ROUND DINING TABLE - Smoke Oak + Black, ROUND DINING TABLE",DINCW30004-1500RT,instock,0
"REMINGTON BED - Light Green, KING BED",MBRB1901-KING-G4,instock,0
"CLASS-CHAIR - WHITE + GREEN, Chair",SSCLASS-CHAIR-ELF06,instock,0
"EKAT SOFA SET",SSU766-1-G1,instock,0
"SOHO COFFEE TABLE",CTC18168A,instock,0
"ROCHELLE RIGHT CORNER SOFA - Green, Right Corner Sofa",SSAD-S813-BZ-RC-26,instock,0
"JARED DINING CHAIR - Rubino Taupe + Antique Brass",DINDC2347-G2,instock,0
"VALENCIA SOFA SET - Beige + Brown, 3 SEATER",SSF-VALENCIA-3S,instock,0
"BARBARA-BED SET - BLACKISH GREEN + WHITE GOLD, BED+2NT+DRS+MIRR+STL",MBRA557-LX813,instock,0
HANK-CHAIR,SSCC2339-G3,instock,0
"FIRENZE SOFA SET - Ivory, 4 seater+3 seater+1 seater+1seater+Ottoman",SS8003-IVORY-G1,instock,0
"SLOANE SECTIONAL SOFA - Oxford Blue, Corner Sofa",SSS0386-01-G2,instock,0
"NEWTON DINING TABLE - White Onyx, 240cm x 120cm x 75cm.",DINDT17091-ONIYX,instock,0
"VIVANTE 4 SEATER SOFA - Granite With Frost Cushion, 4 Seater",SSFRS-11752-GRANITE,instock,0
LAREEN-WARDROBE,MBRP473-WR-G3,instock,0
MARGARET,SSMARGARET-ROSEGD,instock,0
"IRINA SINGLE SEATER SOFA",SSTP2301,instock,0
"TRAPEZOID SIDEBOARD",DINSBD2360-G2,instock,0
"ZURI SOFA SET - Brown Pink, 2 SEATER",SSF9312-79-34-2S,instock,0
"AYAN SOFA SET",SSLR6015-GREY,instock,0
SELENA,SSSELENA-28,instock,0
"LONDON SOFA SET - Inner Back in Brown &amp; Outer Back in Beige with Cushion in Brown, 1 SEATER",SSKF2050-1S-G1,instock,0
"EVALINA-DINING TABLE",DINADT46-TABLE-OAKM,instock,0
"HYADD BED - STILO WALNUT + MATT BLACK, KING BED","MBRHYADD-6FT BED",instock,0
"ZAIRA-SOFA SET - BLACK + BEIGE + ANTIQUE GOLD, 3 seater+2 seater+1 seater+1seater+1 coffee table+2 end table",SSV0035-G2,instock,0
"BRIO SOFA SET - Light Grey + Dark Grey, 1 Seater Sofa",SS8012(1S)-G2,instock,0
"VESPA COFFEE TABLE",CTM729T-WHTMARBLE,instock,0
"RONDA COFFEE TABLE",CTBMBO-CJ8028A,instock,0
"MAXWELL MODULAR SOFA",SSS0366-01-1ASC-G2,instock,0
"CATALEYA SIDE BOARD MARBLE",DINSB19005,instock,0
"OVERLAND BED + 2NIGHT STAND",MBROVERLAND-G2,instock,0
"CASA-CHAIR - PEACH ORANGE, Chair",SST2507-G3,instock,0
"DOMONIQUE  SECTIONAL SOFA SET - Ivory, 1 SEATER",SS8006LC-XF1740-11,instock,0
"RAYVER COFFEE TABLE",CTC18053,instock,0
"REMINGTON SOFA - Beige Green, 3+2+1",SS1901-G2,instock,0
"IRINA DINING TABLE",DINT3201-2,instock,0
"TIFANY OTTOMAN WITH CT",SSKF068-OTT-B-G1,instock,0
"BARBARA-6 DOOR WARDROBE",MBRA557(WARD),instock,0
"GRAZIA-CHAIR - YELLOW",SSRS11513-G3,instock,0
"FANTASTIK SOFA  SET",SSFFANTASTIK-IST,instock,0
"SHALISTON SOFA SET - Beige, 2 SEATER",SSADS660-2S,instock,0
"MIRREN SIDE BOARD",DINBD2359,instock,0
"VIVANTE 4 SEATER SOFA - Frost With Pearl Blue Cushion, 4 Seater",SSFRS-11752-FROST,instock,0
"LA DIVA-6 DOOR WARDROBE","MBRP458WARD NEW",instock,0
"LUGANO - Oxford Blue",SSC0388-1D-G2,instock,0
"HUNTER CORNER SOFA",SSF9505-92A,instock,0
"TEDDY DINING CHAIR",DINDC406(CHR)-BROWN,instock,0
"ZURI SOFA SET",SSF9312-79-34,instock,0
"LONDON SOFA SET",SSKF2050-C-1271-G3,instock,0
"EVA-DINING TABLE","DINA547 (3.0M)",instock,0
"HARIET BENCH",MBRHARIET-MFL34,instock,0
"VERDEA SOFA SET",SSADS693-BZ-A,instock,0
"BRIO SOFA SET - Light Grey + Dark Grey, 3 Seater Sofa",SS8012(3S)-G2,instock,0
"FARREN COFFEE TABLE",CTP594A,instock,0
"WOWIE COFFE TABLE",CTBFJ2980A,instock,0
"MARGARETTE CORNER SOFA SET - Grey, OTTOMAN + HALF CT",SS5037-5115-OTT-G1,instock,0
"CATALEYA DINING TABLE GLASS",DINDT19005-WALNUT,instock,0
"NOVA BED",MBRA2261-5,instock,0
CASA-CHAIR,SST2507-G1,instock,0
"DOMONIQUE  SECTIONAL SOFA SET - Brown, Ottoman",SS8006-XF-14-OTT,instock,0
"NOLAN  COFFEE TABLE",CTC19004,instock,0
"RASHA SECTIONAL SOFA SET - Beige and Black, SECT SOFA(LEFT) +CT-(1BIG+1MED+1SMALL)+OTTO+2 CHAIR+END TABLE",SSFML2057-LEFT(NEW),instock,0
"HYADD DINING CHAIR",DINHYADD-CHAIR,instock,0
"AZZURRA- BED SET",MBRBR20155,instock,0
"FOREST-CHAIR - SAN RUBINO TAUPE",SSCC2336-G2,instock,0
"FANTASTIK SOFA SET",SSFANTASTIK-G3,instock,0
"SHALISTON SOFA SET - Blue, 3 SEATER",SSADS660-3S-BLU,instock,0
"MICHELA DINING TABLE",DINDT18017-MARBLE,instock,0
"VIVALDI CORNER SOFA - Blue, Pouf",SSVIVALDI(POUF)K12,instock,0
"JOLANDA-4 DOOR WARDROBE",SBRA522(WARD),instock,0
"LAUREN - Royal Blue",SSKFA1032-F-118,instock,0
"HAVEN CORNER+2 CHAIR - Beige Plaid, Chair",SSCS240042F-G3,instock,0
"SHAYLA DINING CHAIR",DINDC16009,instock,0
"ZEENAT SOFA SET - Dark Beige and Light Grey, 1 SEATER",SSE1852-1S-NEW,instock,0
"ZARINA-BED SET - GREY + GOLD, BED+2NT+DRE+MIR+STOOL",MBRA574-G2,instock,0
"SCABIOSA - Light Brown",SSADS336-A,instock,0
"LAUREN CHAIR",SSKFA1032-F-166,instock,0
"BASQAL-DIN.TABLE WITH 10 SIDE CHAIR",DINDT20108-30-20890,instock,0
"HARIET BEDROOM SET - Diamond Milk+Antique Brass., BED+2 NT+DRS+MIRR","MBRHARIET-ANT BRASS",instock,0
"PIXIE SOFA SET - Pink + Light Grey Cushions, 3 Seater+2 Seater+1 Seater+1 Seater",SSF9304-34-75,instock,0
"BRICE  4 SEATER SOFA",SSSF2415-40,instock,0
"EDGAR COFFEE TABLE","CTE181-F23-GREY MATT",instock,0
"SHERWIN COFFEE TABLE - Black, Coffee Table",CTBFJ2858A,instock,0
"MARGARETTE CORNER SOFA SET - Light Grey Pea Green, CHAISE + HALF CT",SS5037-5102-CHA-G2,instock,0
"CATALEYA DINING CHAIR","DINCH-17093-BR GOLD",instock,0
"NANDI BED - L.BEIGE, QUEEN BED",MBRSK015-QNBEDA032-1,instock,0
"BERNADI -CHAIR - Beige, Chair",SSRS11693-G3,instock,0
"DOMONIQUE  SECTIONAL SOFA SET - Beige, Sectional Sofa Left+ Right",SS8006-XF-12-COR,instock,0
"KARISMA COFFEE TABLE",CTC17055-1111,instock,0
"QUEEN SOFA SET - Green, 3 Seater + 2 Seater + 1 Seater",SSQUEEN-SOFA,instock,0
"HOWARD DINING TABLE",DINDT17175-HONG,instock,0
"ASEELA-BED SET",MBRA568-G1,instock,0
FLUTURA-CHAIR,CHR-FM726-YELLOW,instock,0
"ELQENNA SOFA SET - GREY + GOLD, 3 Seater Sofa",SSU751-3S-G2,instock,0
"SHALISTON SOFA SET - Blue, 3+2+1+1 Sofa Set",SSADS660-BLUE,instock,0
"MICHELA DINING CHAIR - Brown",DINCH17019-8027-NEW,instock,0
"VIVALDI CORNER SOFA - Beige + Brown, Right Corner + Pouf",SSVIVALDI-COR04+07,instock,0
"GEOVANA-6 DOOR WARDROBE",MBRCCH37-PWHITEA,instock,0
"LAUREN - LIGHT BLUE",SSKFA1032-F-117,instock,0
"HAVEN CORNER+2 CHAIR - White, Chair",SSCS20042F-CHR-G2,instock,0
"SAVINA DININGTABLE",DINDT18035-MAR-AMAN,instock,0
"ZEENAT SOFA SET - Beige and Light Grey, 2 SEATER",SSE1852-3S,instock,0
"ZARINA-4 DOOR WARDROBE - GREY SILVER, 4 DOOR WARDROBE",SBRA574-WR-G2,instock,0
"RENEE - MUSTARD",SSFRS07-146,instock,0
"ASEELA- DINING TABLE - WHITE+SILVER, 4 M DINING TABLE + 2 ARM CHAIR + 12 SIDE CHAIR",DINA568D(4.0M),instock,0
"HANDERSON BEDROOM SET",MBRHANDERSON-1.5M,instock,0
"SIROCCO SOFA SET",SSSIROCCO-G2,instock,0
"BELLAMY SOFA SET - Pink D.Grey, 2 Seater Sofa",SSF9337-34-84-2S,instock,0
"VERENA - Grey",SSF9887-CH-MEG40,instock,0
"PAULA COFFEE TABLE",CTCF-CJ1360A,instock,0
"MARGARETTE CORNER SOFA SET - Light Grey, OTTOMAN + HALF CT",SS5037-5115-OTT-G1,instock,0
"ABBEY BEDROOM SET",MBRBD1993-GIOTTO,instock,0
"NANDI BED",MBRSK015-KING-A032-1,instock,0
"BELISIMA -CHAIR - Grey, Chair",SSF9341-68,instock,0
"DOMONIQUE  SECTIONAL SOFA SET - Beige, 1 SEATER",SS8006-XF-12-CHR,instock,0
"GOYA  COFFEE TABLE GLASS TOP",CTT18157-1111-G1,instock,0
"QUATRO SOFA SET - Grey Green, 3 SEATER",SSQUATRO-3S-G2,instock,0
"DAVID DINING CHAIR",DINCC2318(CHR),instock,0
"ALYA 6 DOOR WARDROBE","MBRA584 WARD",instock,0
EDWINA-CHAIR,SSEDWINA-ANTBRASS,instock,0
"ELQENNA SOFA SET - Blue Gold, Ottoman",SSELQENNA(OTTO)-G1,instock,0
"SEPHORA SOFA SET - Light Grey Sky Blue, 2 SEATER",SSSEPHORA-07-2S,instock,0
"MIA DINING CHAIR - White",DINYZ133D-KF2808-8,instock,0
"VALENTINA SOFA SET - Grey, 3+2+1 SOFA SET",SS8001-GREY-G2,instock,0
"FIORE-6 DOOR WARDROBE",MBRWD20152-WARD,instock,0
KAYE,SSFRS-B5041-BLUE,instock,0
"HAVEN CORNER+2 CHAIR - White Plaid, Chair",SSCS20042F-CHR-G1,instock,0
"SAVINA DINING CHAIR - Dark Beige",DINCH17052-1463,instock,0
"ZEENAT SOFA SET - Beige and Light Grey, 1 SEATER",SSE1852-1S,instock,0
RIVA-CHEST,MBRP472-CH-G2,instock,0
"ZARINA SINGLE BED",SBRA574-G2,instock,0
"RENEE - Blue",SSFRS07-105,instock,0
"LANZA 2 SEATER",SSRSA0370-2S,instock,0
"ASEELA- DINING TABLE - WHITE+SILVER, 3.2 M DINING TABLE + 2 ARM CHAIR + 8 SIDE CHAIR",DINA568D(3.2M),instock,0
"DANTE BED - Grey, SINGLE BED",SBRSK025-SN-JY1011-2,instock,0
"MAGNUM SOFA SET",SSMAGNUM-G1,instock,0
"BELLAMY SOFA SET - Grey Purple, 3 Seater+2 Seater+1 Seater+1 Seater",SSF9337-68-161,instock,0
VERENA,SSF9887-CH-MEG26,instock,0
"ILLAN COFFEE TABLE",CTCD-CJ1551A,instock,0
"MARGARETTE CORNER SOFA SET - Light Grey Spa Blue, CHAISE + HALF CT",SS5037-5115-CHA-G2,instock,0
"NANCY-DINING CHAIR",DIND1613-NANC,instock,0
"MARGE BED + 2 NIGHT STAND",MBRBD2408-G1,instock,0
"BELISIMA -CHAIR",SSAMBO-DY8031A,instock,0
"DERECK SOFA SET",SSS1904-G2,instock,0
"GALVIN COFFEE TABLE",CT-C19265C-1111,instock,0
"QUATRO SOFA SET - Grey Green, 3Seater + 2Seater + 1 Seater + 1Seater + Pouf",SSQUATRO-G2,instock,0
"COOPER SIDE CHAIR - Dark Beige",DINCH17178-1463,instock,0
"REMI BEDROOM",MBR23C200A-160108SF-,instock,0
EDWARD-CHAIR,SSCC2320-G1,instock,0
"ELQENNA SOFA SET - Blue Gold, 4 Seater Sofa",SSU751-(4S)-G1,instock,0
"SEPHORA SOFA SET - Elephant &amp; Light Grey, 3 SEATER",SSSEPHORA-05-3S,instock,0
"MATEO DINING TABLE",DINT19000-1111,instock,0
"VALENTINA SOFA SET",SS8001-BEIGE-G1,instock,0
"FIORE-BED SET",MBRBR20152-20-6225,instock,0
KATHERINE-CHAIR,SSYZ056A-G2,instock,0
"HAVEN CORNER+2 CHAIR",SSCS10081-G1,instock,0
TIFANY-OTTOMAN,SSKF068-OTT-A-G1,instock,0
"SAVINA DINING CHAIR",DINCH17052-1463,instock,0
"XAVIER SOFA SET - Light Grey, 2 SEATER",SSF9315-2S-75,instock,0
"RIVA-CHEST OF DRAWER",MBRP472-CH-G1,instock,0
"SOMAYA-BED SET",MBRA553(4PCS),instock,0
"QUEEN - Green",SSQUEEN(CHR)155,instock,0
"KAROLINA SOFA SET - Beige with Cushions in Yellow &amp; Green, 4 seater + 3 seater",SSAY-S683-BZ,instock,0
"WESLEY DINING CHAIR",DINCH-1512,instock,0
"DANTE BED - Grey, KING BED",MBRSK025-KG-JY1011-2,instock,0
"LIVA SOFA SET",SSLIVA-G1,instock,0
"BELLAMY SOFA SET",SSF9337-106-56,instock,0
"VERA - Light Grey",SSFP1876-50,instock,0
"BOLTON COFFEE TABLE",CTRCM-7307-CT,instock,0
"MARGARETTE CORNER SOFA SET - Moonshine &amp; Mint, CHAISE + HALF CT",SS5037-C-957-CHAG3,instock,0
"LA MER-DINING TABLE - BEIGE GLOSSY + GOLD, DIN.TABLE(2.4M)+ 8 SIDE CHAIR",DINP281(2.4M),instock,0
"MAJOR BED + 2 NIGHT STAND - DIAMOND ROSA+TITANIUM., KING BED (200X200)+2 NT",MBRBD2406-G2,instock,0
"BECK -CHAIR",SS-BECK-A096-08,instock,0
"COLEMAN 3 SEATER SOFA - Full body in Taupe with 3 Cushions in Taupe and 1 cushion in Dusty Yellow, 3 SEATER",SSSF2420-30-G2,instock,0
"CIARA COFFEE TABLE",CTC17073A,instock,0
"QUATRO SOFA SET - Beige + Brown, 3 SEATER",SSQUATRO-3S-G1,instock,0
"CAPELLA DINING CHAIR - Dark Grey",DINDC17078-FB05,instock,0
"VANA BED - Brown, KING BED",MBRLR193C-38K-11,instock,0
"DAVIS-CHAIR - Grey, Chair",SSDAVIS-51A,instock,0
"ELLISE SOFA SET - Dark Grey, 4 Seater+3 Seater+1 Seater+1 Seater","SSAD-S662-BZ D GREY",instock,0
"SEPHORA SOFA SET - Elephant &amp; Light Grey, 3+2+1+1 Sofa Set",SSSEPHORA-05,instock,0
"KELVIN DINING CHAIR - Polo Club Stone",DINDC2348-G2,instock,0
"VALENCIA SOFA SET - Beige, 1 SEATER",SSVALENCIA-KEN-06CHR,instock,0
"FALAK-4 DOOR WARDROBE",SBRA520(WARD),instock,0
"JOSIE-CHAIR - Light Grey",SSKFA031-O7805,instock,0
"GEMMA SOFA SET",SS1905-G2,instock,0
"TIFANY CORNER SOFA",SSKF068-G1,instock,0
"REINA DINING TABLE - Amana Rose Marble","DT16152-AMANA ROSE",instock,0
"XAVIER SOFA SET - Grey, 3 SEATER",SSF9315-3S-76,instock,0
"RIVA 4 DOOR WARDROBE",SBRP472-WR-G2,instock,0
"SALMA-6 DOOR WARDROBE",MBRP447(WARD)-BLUE,instock,0
"QUEEN - Brown",SSQUEEN(CHR)158,instock,0
"KARLIE  SOFA SET - White, 3 seater+2 seater+1 seater+1seater",SSF9847-WHITE,instock,0
"ALEXANDRA BEDROOM SET - Antonio Cameo, KING BED",MBRBD2239-BED-G2,instock,0
"ALEXANDRA BEDROOM SET - ANTONIO PORCELAIN, KING BED+2NIGHT STANDS",MBRBD2239-G1,instock,0
"ZURI SOFA SET - Grey, 3+2+1+1 Sofa Set","SSF9312-51+32-1S NEW",instock,0
"AYRA 4 SEATER SOFA",SSF9513,instock,0
"VALENCIA - GREY + BEIGE CUSHION",SSVALENCIA-KEN-02CHR,instock,0
"TRAPEZOID COFFEE TABLE",CTCT2360-REC-G2,instock,0
"MARGARETTE CORNER SOFA SET - Moonshine &amp; Mint, CORNER + CHAISE + OTTOMAN + 3 HALF CT",SS5037-C-822-G4,instock,0
"LA MER-BUFFET+MIRROR",DINP281-BUF+MIR,instock,0
"MAJOR BED + 2 NIGHT STAND",MBRBD2406-G2,instock,0
"CORINNA SOFA SET",SSU510+CH098C,instock,0
"CHIARA SOFA",SSCS10041F-1200,instock,0
"CALEB COFFEE TABLE",CT15832,instock,0
"QUATRO SOFA SET",SSQUATRO-G1,instock,0
"BOSCO BENCH",DINBOSCO-BCH,instock,0
"TRAVOLTA BED - Beige, KING BED",MBRB19004-CP07,instock,0
DAVIS-CHAIR,SSDAVIS-105,instock,0
"ELLISE SOFA SET",SSAD-S662-BZ-A,instock,0
"SAVOY SOFA SET - Dark Brown Beige, Corner Sofa+Chair+Ottoman",SSY1803-G2,instock,0
"KEEGAN DINING TABLE GLASS TOP",DINDT-19048-2-GLAS,instock,0
"VALENCIA SOFA SET - Grey Brown, 1 SEATER",SSF-VALENCIA-1S-02,instock,0
"EVA-CHEST OF DRAWER","MBRA547 (CHEST)",instock,0
IRINA-CHAIR,SSTP2301,instock,0
"FRITZEL TWO SEATER WITH OTTOMAN - Beige, 2 seater+ Ottoman",SSFF576-A02-G1,instock,0
"TIFANY 3.5 SEATER",SSKF068-3S-G1,instock,0
"PHILIP DINING CHAIR",DINDC2350-KD,instock,0
"XAVIER SOFA SET - Grey, 3+2+1+1 Sofa Set",SSF9315-76,instock,0
"RIVA-2 SINGLE BED",SBRP472-G3,instock,0
"ROTANA-6 DOOR WARDROBE","MBRA582 WARD-G1",instock,0
"ODEA - BEAVER",SSS0385-1D-G2,instock,0
"KARLIE  SOFA SET",SSF9847-CHARCOAL,instock,0
"TURIN DINING CHAIR - Walnut + Beige",DINE557Y-C-WALNUTV07,instock,0
"ZURI SOFA SET - Grey Blue, 2 SEATER",SSF9312-67-105-2S,instock,0
"AYRA CHAISE LOUNGE",SSF9512-ARM,instock,0
VALENCIA,SSVALENCIA-KEN-04CHR,instock,0
"PENTAGON COFFEE TABLE",CTCT2361-G2,instock,0
"MARGARETTE CORNER SOFA SET",SS5037-C-822-G4,instock,0
"LA DIVA-DINING TABLE",DINP458(3.0)41J+Z001,instock,0
"KRISS BEDROOM SET",MBRKRISS-ARTOAK,instock,0
"RHEA-SOFA SET - BLACK AND GREY BEIGE, 3 seater+2 seater+1 seater+1seater+2 chairs + 1 round tbale + 1coffee table+2 end tables.",SSFF9906-G2,instock,0
"CASSIA 3 SEATER SOFA - Brown Beige, 3 Seater- Right Side",SSSF18121-A3R-G2,instock,0
"TERRENCE COFFEE TABLE - WALNUT, Coffee Table",CTCT1498,instock,0
"NANINA SECTIONAL SOFA - Warm Grey Light Brown, Section Sofa",SSNANINA-G1,instock,0
"BERYL DINING CHAIR - Piccolo Antique",DINDC2271-G2,instock,0
"ROLDAN BED - Grey, SINGLE BED",SBRSK010-SN-JY1011-2,instock,0
DAMON-CHAIR,SSCC2317-G2,instock,0
"EKAT SOFA SET - Beige + Brown, 3 Seater Sofa",SSU766-2-3S-G2,instock,0
"ROSSETTI CORNER SOFA",SSKF065-COR-G2,instock,0
"KEEGAN DINING CHAIR",DINCH-18038-8037,instock,0
"VALENCIA SOFA SET - Grey Blue, 1 SEATER",SSVALENCIA-3S-G5,instock,0
"ESTHER-BED SET",MBRA559(4PCS)23J-019,instock,0
HERO-CHAIR,"CHRFM727- L CHAIR",instock,0
"FRANKIE SOFA SET - Black, 2 SEATER",SSF8923-2S,instock,0
"SVANA SOFA SET - Light Grey+White, 1 SEATER",SSAD-S689-1013-1S,instock,0
"ORABELLA DINING CHAIR",DINCH18027-8035S,instock,0
"XAVIER SOFA SET - Green, 1 SEATER",SSF9315-1S-65,instock,0
"LORETTA-BED SET",MBRP260-(4PCS),instock,0
ROSHAN-CHEST,MBRA565-CH-G1,instock,0
NOAH,SSM511Y-C-G1,instock,0
"KADENCE SOFA SET - Light Brown Orange, 3 seater+2 seater+1 seater+1seater",SSKADENCE-LUNA5-8,instock,0
"TRAVOLTA  DINING TABLE",DINT18369-1111,instock,0
"ZURI SOFA SET - Brown Yellow, 3 SEATER",SSF9312-18-146-3S,instock,0
"AYDEN SOFA SET - Light Grey With Turquoise Blue Cushions, 3 seater + Chaise",SSSF17081-G2,instock,0
"SHELLEY - Ivory",SSKFA033-D-688,instock,0
"CLOE COFFEE TABLE - WHITE PORCELAIN + ANTIQUE BRONZE, Coffee Table",CTCT2414-G1,instock,0
"LUCINDA SOFA SET - Rubino Taupe + Antique Brass, 1 SEATER",SSLUCINDA-1S-G2,instock,0
"LA DIVA 4 DOOR CELLARET","DINP458-4 CELLARET",instock,0
"KERRY BED - CHARCOAL, KING BED",MBRKERRY-G1,instock,0
"NEW MAGICA-SOFA SET",SSHA6061-SILBLUE,instock,0
"CANDICE SOFA SET - Light Grey, 3 Seater+2 Seater+1 Seater+1 Seater+ottoman",SSF9833-86,instock,0
"ORLANDO COFFEE TABLE",CTCT-16038MARBLE,instock,0
"NANINA SECTIONAL SOFA",SSNANINA-G3,instock,0
"ANDES SIDE CHAIR - Beige (inner back) + Dark Beige (Outer Back)",DINCH17117-1462,instock,0
"ROLDAN BED - Grey, KING BED",MBRSK010-KG-JY1011-2,instock,0
"CREED-CHAIR - YELLOW, Chair",SSFM529-G3,instock,0
"EKAT SOFA SET - Ottoman",SSU766-1-OTT-G1,instock,0
"ZION COFFEE TABLE",CT14692,instock,0
"ROMINA SOFA SET",SSU761-2-G2,instock,0
"KATHERINE DINING TABLE NEW",DINTZ031D-TABLE,instock,0
"VALENCIA SOFA SET - Brown &amp; Tan, 1 SEATER",SSVALENCIA-08-1S-G6,instock,0
"ESTHER-CHEST OF DRAWER - DARK GREY GOLD, CHEST OF DRAWER",MBRA559(CHES)1542J,instock,0
"HAVEN-CHAIR - PLAID + PLEASURE SMOKEY LEATHER",SSCS20042F-CHR-G1,instock,0
"FRANKIE SOFA SET",SSF8923+55DECKER84,instock,0
"SVANA SOFA SET - Brown Grey, 2 SEATER",SSAD-S689-968-2S,instock,0
"NORTON DINING CHAIR",DINE758Y(CHR)-WAL,instock,0
"XAVIER SECTIONAL SOFA - Light Grey, Right Sectional Sofa",SSF9315-DECKER75(R),instock,0
"LEONA-CHEST OF DRAWER",MBRP289-CHEST,instock,0
"MILLER - Grey",SSMILLER-68,instock,0
"IVORY SOFA SET",SSHKUS13+UA506,instock,0
"ZURI SOFA SET - Brown Yellow, 3+2+1+1 Sofa Set",SSF9312-18-146,instock,0
"AYDEN SOFA SET - Charcoal Grey With Orange Cushions, 3 seater + Chaise",SSSF17081-G1,instock,0
SHELLEY,SSKFA033-F-113,instock,0
"RONDE COFFEE TABLE",CTKFH10506,instock,0
"LUCINDA SOFA SET - SAN REMO SUMMER STORM, 1 SEATER",SSLUCINDA-1S-G1,instock,0
EVALINA-BUFFET+MIRROR,DINABU46+BUF+MIR,instock,0
"KERRY BED",MBRKERRY-G4,instock,0
"IMPERIO-CORNER SOFA SET",SSFU951+CH041-G6,instock,0
"BRIO SOFA SET - Light Grey, 1 Seater Sofa",SS8012(1S)-G3,instock,0
"LEONARDO COFFEE TABLE MARBLE",CTCT-17033-MARBLE,instock,0
"MONACO SOFA SET - 1. Full body in Light Grey with Cushions in Turquoise Blue., 3Seater + 2Seater + 1Seater + 1Seater",SSMONACO-T5,instock,0
"AGNES DINING CHAIR",DINDC2326-KD,instock,0
"REMINGTON BED - Beige, QUEEN BED",MBRB1901-QUEEN-G1,instock,0
"CLAUDE-CHAIR - Grey, Chair","SSFM532-F22 BRW OAK",instock,0
"EKAT SOFA SET - Brown Beige, 1 SEATER",SSU766-1-1S-G1,instock,0
"TRISTAN COFFEE TABLE",CTC14723A-DGREYWAL,instock,0
"ROCHELLE SOFA SET",SSADS813BZ-1026,instock,0
"JERSEY DINING TABLE",DINT17052S-002-1111,instock,0
"VALENCIA SOFA SET - Beige, 1 SEATER",SSF-VALENCIA-1S-G3,instock,0
"ESTHER-6 DOOR WARDRBE",MBRA559(WARD)1542J,instock,0
"HANK-CHAIR - GOITTO MOUSE + ANTIQUE BRASS",SSCC2339-G2,instock,0
"FLAMENCO CORNER SOFA",SSF-FLAMENCO-A051-13,instock,0
"SVANA SOFA SET",SSAD-S689-968,instock,0
"NEWTON DINING TABLE - Victoria Marble, 300cm x 120cm x 75cm.",DINDT17091-VICTORIA,instock,0
"XAVIER SECTIONAL SOFA - Grey, Left Sectional Sofa",SSF9315-SEC-76,instock,0
"LEBRON-CHEST OF DRAWERS",MBRCDS30-COD-OAKM,instock,0
MILLER,SSMILLER-19,instock,0
"IRMA 2 SEATER SOFA",SSSFRANDI-2STR,instock,0
"TRAVOLTA DINING CHAIR - Black White",DINDC18020-G1,instock,0
"AYAN SOFA SET - Grey, 2 SEATER",SSLR6015-3S-GREY,instock,0
"SELENA - DARK BROWN",SSSELENA-79,instock,0
"HAVEN  COFFEE TABLE",CTCW10002-1150,instock,0
"LONDON SOFA SET - Beige with Cushions in Brown, 4 Seater",SSKF2050-4S-G1,instock,0
EVALINA-BUFFET,DINABU46(BUFF),instock,0
"JOLEENE BED",MBRA2283,instock,0
"GRACE-SOFA SET",SSU117+CH098-BEIGOLD,instock,0
"BRIO SOFA SET - Light Grey, 3 Seater+2 Seater+1 Seater+1 Seater",SS8012-G3,instock,0
"CATALEYA  COFFEE TABLE",CTCT-19005,instock,0
"MIA SOFA",SSSF133C,instock,0
"CHIARA ROUND DINING TABLE - Smoke Oak + Black, ROUND DINING TABLE WITH LAZY SUSAN",DINCW30004-REV,instock,0
"OVERLAND DRESSER",MBROVERLAND(DRS)OK92,instock,0
"CLASS-CHAIR - Beige, Chair",SSCLASS-CHAIR-ELF05,instock,0
"DOMONIQUE  SECTIONAL SOFA SET - Ivory, Ottoman",SS8006OT-XF1740-11,instock,0
"SAGE  COFFEE TABLE",CT-C19265B-1111,instock,0
"ROCHELLE RIGHT CORNER SOFA",SSAD-S813-BZ-RC-26,instock,0
"JARED DINING CHAIR",DINDC2347-G2,instock,0
"VALENCIA SOFA SET - Beige + Brown, 3+3+1+1 Sofa Set",SSF-VALENCIA-04+07,instock,0
"BARBARA-BED SET - WHITE + GOLD, BED+2NT+DRS+MIRR+STL",MBRA557(4PCS),instock,0
"GRAZIA-CHAIR - Brown",SSRS11513-G2,instock,0
"FIRENZE SOFA SET",SS8003-IVORY-G1,instock,0
"SLOANE SECTIONAL SOFA",SSS0386-01-G2,instock,0
"NEWTON DINING TABLE - Paradise Marble, 240cm x 120cm x 75cm.",DINDT17091-PARADIS,instock,0
"VIVANTE 4 SEATER SOFA - Turquoise Blue With Bisque Cushion, 4 Seater",SSFRS-11752-G1,instock,0
"LAREEN-BED SET",MBRP473-G1,instock,0
"MARGARET - Grey",SSMARGARET-ANTSIL,instock,0
"IRINA 3 SEATER SOFA",SSTP2701-3R-TA011,instock,0
"TRAPEZOID DINING TABLE",DINDT2360-225-G2,instock,0
"ZURI SOFA SET - Brown Pink, 1 SEATER",SSF9312-79-34-1S,instock,0
"SCABIOSA - Orange",SSADS336-FB913,instock,0
"LONDON SOFA SET - Beige with Cushions in Brown, 4 seater + 3 seater + 1 Seater",SSKF2050-C-1271-G1,instock,0
"EVA-DINING TABLE - WHITE+GOLD, 3.0 M DIN.TABLE + 2 ARM CHAIR + 8 SIDE CHAIR","DINA547 (3.0M)",instock,0
"HYADD BED","MBRHYADD-6FT BED",instock,0
"CAMUS SOFA SET",SSCAMUS-SOFA,instock,0
"BRIO SOFA SET - Light Grey + Dark Grey, 2 Seater Sofa",SS8012(2S)-G2,instock,0
"JOHN COFFEE TABLE","CTM725-WAL+MATT GREY",instock,0
"CARVY COFFEE TABLE",CTBMBO-CJ8033B,instock,0
"MAXWELL MODULAR SOFA - Pink, 6 seater Corner Sofa",SSS0366-01-1ASC-G1,instock,0
"CATALEYA DINING TABLE MARBLE",DINDT19005-MARBLE,instock,0
"NOVA BED - Grey, KING BED",MBRA2261-13,instock,0
"CASA-CHAIR - Light Grey, Chair",SST2507-G2,instock,0
"DOMONIQUE  SECTIONAL SOFA SET - Ivory, Sectional Sofa Left+ Right+1 seater+1 seater+Ottoman",SS8006-XF1740-11,instock,0
"RANDO COFFEE TABLE",CTC18161-NEW,instock,0
"REMINGTON SOFA",SS1901-G2,instock,0
"ICON DINING CHAIR - Beige",DINDC19001-G2,instock,0
"VALENCIA SOFA SET",SSF-VALENCIA-04+07,instock,0
"AZZURRA- CHEST OF DRAWER",MBRCD20155,instock,0
GRAZIA-CHAIR,SSRS11513-G3,instock,0
"FANTASTIK SOFA SET - White and Sky Blue, 3+2+1+1",SSFANTASTIK-G4,instock,0
"SHALISTON SOFA SET - Beige, 1 SEATER",SSADS660-1S,instock,0
"MIKAEL SIDE CHAIR",DINCH18038-8036S,instock,0
"VIVALDI SOFA SET",SSVIVALDI-KENT02-12,instock,0
"LA DIVA-BED SET",MBRP458-NEW,instock,0
"LUGANO - ACOLYTE",SSC0388-1D-G1,instock,0
"HUNTER CORNER SOFA - Dark Grey, 2 SEATER",SSF9505-96A,instock,0
"SHAYLA DINING TABLE",DINT16003-1111-WALNU,instock,0
"ZEENAT SOFA SET - Dark Beige and Light Grey, 4 Seater",SSE1852-4S-NEW,instock,0
"AYAN SOFA SET - Grey, 1 SEATER",SSLR6015-1S-GREY,instock,0
"LAUREN CHAIR - Royal Blue, Chair",SSKFA1032-F-117,instock,0
EVA-BUFFET+MIRROR,DINA547-BUF+MIRR,instock,0
"HARIET BEDROOM SET - Diamond Milk + Antique Brass, KING BED",MBRHARIET-BED-AN-B,instock,0
"PIXIE SOFA SET - Pink + Light Grey Cushions, 1 SEATER",SSF9304-34-75-1S,instock,0
"BRIO SOFA SET",SS8012-G2,instock,0
"ELLIOT COFFEE TABLE","CTE259A-GREY MAT-WAL",instock,0
"WOWIE COFFEE TABLE",CTBFJ2980C,instock,0
"MARGARETTE CORNER SOFA SET - Light Grey Pea Green, CHAISE + HALF CT",SS5037-5115-CHA-G1,instock,0
"CATALEYA DISPLAY SHELF",DINDS17138,instock,0
"NANDI BED - Beige, QUEEN BED",MBRSK015-QNYF8006-1B,instock,0
"BERNADI -CHAIR - PEARL BLUE, Chair",SSRS11693-G2,instock,0
"DOMONIQUE  SECTIONAL SOFA SET - Brown, 1 SEATER",SS8006-XF-14-CHR,instock,0
"MAVIE COFFEE TABLE",CTC16012,instock,0
"RASHA SECTIONAL SOFA SET",SSFML2057-LEFT(NEW),instock,0
"HYADD DINING TABLE",DINHYADD-1.8M,instock,0
ASEELA-WARDROBE,MBRA568-WR-G2,instock,0
FOREST-CHAIR,SSCC2336-G1,instock,0
"ELQENNA SOFA SET - GREY + GOLD, Ottoman",SSU751-OT-G2,instock,0
"SHALISTON SOFA SET - Blue, 2 SEATER",SSADS660-2S-BLU,instock,0
"MICHELA DINING CHAIR - Grey",DINCH17019-DJ1804-4,instock,0
"VIVALDI CORNER SOFA - Grey Blue, Right Corner + Pouf",SSVIVALDI-FSET-G1,instock,0
"JOLANDA-2 SINGLE BED SET",SBRA522(4PCS),instock,0
"LAUREN - Light Grey",SSKFA1032-F-167,instock,0
"HAVEN CORNER+2 CHAIR - Beige Plaid, Corner Sofa",SSCS10081-COR-G3,instock,0
"SAVINA SIDE BOARD",DINSB-16182-358-2,instock,0
"ZEENAT SOFA SET - Dark Beige and Light Grey, 4+2+1 Sofa Set",SSE1852-NEW,instock,0
"ZARINA-BED SET - GREY SILVER, BED+2 NT+DRER+MIR+STOOL",MBRA574-G1,instock,0
SCABIOSA,SSADS336-A,instock,0
"ECHO-ROUND TABLE",DINROUNDTABLE-BRASS,instock,0
"HANDERSON SIX DOOR WARDROBE",MBRHANDERSON-WR-OAK,instock,0
"PIXIE SOFA SET",SSF9304-34-75,instock,0
"BRAM CHAIR",SSCC2411-G1,instock,0
"FRANCY COFFEE TABLE",CT-FRANCY-A096-08,instock,0
"SHERWIN COFFEE TABLE - WHITE MARBLE + BLACK ASH, Coffee Table",CTBFJ2858AM,instock,0
"MARGARETTE CORNER SOFA SET - Spa Blue, OTTOMAN + HALF CT",SS5037-5133-OTT-G3,instock,0
"TURIN DINING CHAIR - Smoke Oak + Grey",DINE557Y-C-SMKOAK,instock,0
"MIRREN DRESSER",MBRDR2359-DRS,instock,0
"BERNADI -CHAIR",SSRS11693-G3,instock,0
"DOMONIQUE  SECTIONAL SOFA SET - Beige, Ottoman",SS8006-XF-12-OTT,instock,0
"KAIRA  COFFEE TABLE",CT-C17183,instock,0
"QUEEN SOFA SET",SSQUEEN-SOFA,instock,0
"EPPIE DIING TABLE",DINDT2162,instock,0
"ALYA-CHEST OF DRAWER","MBRA584 CHEST",instock,0
ELVINA-CHAIR,SSCC2251-CHAIR,instock,0
"ELQENNA SOFA SET - GREY + GOLD, 4 Seater Sofa",SSU751-4S-G2,instock,0
"SHALISTON SOFA SET",SSADS660-BLUE,instock,0
"MICHELA DINING CHAIR",DINCH17019-8027-NEW,instock,0
"VIVALDI CORNER SOFA - Beige + Brown, Left Corner + Pouf",SSVIVALDI-CORNER,instock,0
"GEOVANA-BED SET",MBRCBE37-1.8,instock,0
KELA,SS-KELA-B-A102-07,instock,0
"HAVEN CORNER+2 CHAIR - White, Corner Sofa",SSCS10081-COR-G2,instock,0
"SAVINA DINING CHAIR - Grey",DINCH17052-8036S,instock,0
"ZEENAT SOFA SET - Beige and Light Grey, 4+2+1 Sofa Set",SSE1852,instock,0
"ZARINA-4 DOOR WARDROBE - GREY SILVER, 4 DOOR WARDROBE",SBRA574-WR-G1,instock,0
"RENEE - Light Grey",SSFRS07-75,instock,0
"LANZA 3 SEATER",SSRSA0370-3S,instock,0
"ASEELA- DINING TABLE - WHITE+SILVER, 3.6 M DINING TABLE + 2 ARM CHAIR + 10 SIDE CHAIR",DINA568D(3.6M),instock,0
"HANDERSON BEDROOM SET - Oak, KING BED+2 NT+DRS+MIRR",MBRHANDERSON-1.5MOAK,instock,0
"MAGNUM SOFA SET - Grey, 3+3+1+1 Sofa Set",SSMAGNUM-G2,instock,0
"BELLAMY SOFA SET - Pink D.Grey, 3 Seater Sofa",SSF9337-34-84-3S,instock,0
"VERENA - Dark Grey",SSF9887-CH-MEG51,instock,0
"SHERWIN COFFEE TABLE - WHITE MARBLE + BLACK ASH, Coffee Table",CTBFJ2858CM,instock,0
"MARGARETTE CORNER SOFA SET - Light Grey Pea Green, CHAISE + HALF CT",SS5037-5126-CHA-G1,instock,0
"ALEXANDRA BEDROOM SET",MBRBD2239-BED-G2,instock,0
"MIRREN BEDROOM SET - RUBINO TAUPE + LUX TITANIUM + SMOKE OAK., KINGBED+2 NIGHT STANDS",MBRBD2418,instock,0
"BELISIMA -CHAIR - Brown, Chair",SSAMBO-DY8032,instock,0
"DOMONIQUE  SECTIONAL SOFA SET",SS8006-XF1740-12,instock,0
"GLAM  COFFEE TBALE",CTC19008,instock,0
"QUATRO SOFA SET - Grey Green, 2 SEATER",SSQUATRO-2S-G2,instock,0
"COOPER SIDE CHAIR - Light Beige",DINCH17178-8035S,instock,0
"AFRA-BED SET",MBRA103(BED)-23J,instock,0
"EDWARD-CHAIR - SAN REMO WINTER CLOUD + NOBILITY GREY, Chair",SSCC2320-G2,instock,0
"ELQENNA SOFA SET - Blue Gold, 1 Seater Sofa",SSU751-(1S)-G1,instock,0
"SEPHORA SOFA SET - Light Grey Sky Blue, 1 SEATER",SSSEPHORA-07-1S,instock,0
"MIA DINING CHAIR",DINYZ133D-KF2807-2,instock,0
"VALENTINA SOFA SET - Dark Grey, 3+2+1 SOFA SET",SS8001-DKGREY-G3,instock,0
"FIORE-CHEST OF DRAWER",MBRCD20152-08-RXC,instock,0
"KATHERINE-CHAIR - Grey",SSYZ056A-G1,instock,0
"HAVEN CORNER+2 CHAIR - White Plaid, Corner Sofa",SSCS10081-COR-G1,instock,0
"SAVINA DINING CHAIR - Pink Beige",DINCH17052-8006S,instock,0
"YASSI CORNER SOFA",SSFF772S-CORNER,instock,0
"RIZZA-BED SET",MBRA550(4PC)23F+Z022,instock,0
"TIFFANY-CHEST OF DRAWER",MBRCDS55-PWHITE,instock,0
RENEE,SSFRS07-105,instock,0
"KAROLINA SOFA SET - Beige with Cushions in Yellow &amp; Green, 4 Seater",SSAY-S683-BZ-4S,instock,0
"ASEELA- DINING TABLE",DINA568D(2.4M),instock,0
"DANTE BED - STATE GREY., QUEEN BED",MBRSK025-QUEEN-JY101,instock,0
"DUBAI SOFA SET - LIGHT BLUE, 3+3+1+1 Sofa Set",SSDUBAI-G1,instock,0
"BELLAMY SOFA SET - Blue White, 3 Seater+2 Seater+1 Seater+1 Seater",SSF9337-106-56,instock,0
"VERA - TEAL",SSFP1876-48,instock,0
"LUCIANA COFFEE TABLE",CTBERLINO-01,instock,0
"MARGARETTE CORNER SOFA SET - Light Grey, OTTOMAN + HALF CT",SS5037-5115-OTT-G2,instock,0
"PATRIZIA- DINING TABLE","DINDT20107-3 MTR",instock,0
"MAJOR BED + 2 NIGHT STAND - ANTONIO DOVE+LUX MOON DUST, KING BED (200X200)+2 NT",MBRBD2406KN-G3,instock,0
"BECK -CHAIR - Beige + Brown, Chair",SS-BECK-A096-08,instock,0
"COMODITA CORNER SOFA",SSKF2018-SILGRY,instock,0
"DALI COFFEE TABLE",CTC19010A,instock,0
"QUATRO SOFA SET - Coffee Brown, 3Seater + 2Seater + 1 Seater + 1Seater + Pouf",SSQUATRO-G3,instock,0
"ICON DINING CHAIR - Light Grey",DINDC19001-G1,instock,0
"VANA BED - WHEAT, KING BED",MBRLR193C-38K-6,instock,0
"DAVIS-CHAIR - Dark Grey, Chair",SSDAVIS-68A,instock,0
"ELQENNA SOFA SET - Blue Gold, 4 seater+2 seater+1 seater+1seater+Ottoman",SSU751-1-G1,instock,0
"SEPHORA SOFA SET - Elephant &amp; Light Grey, 2 SEATER",SSSEPHORA-05-2S,instock,0
"LEONARDO DINING TABLE",DIN17033-WALNUT,instock,0
"VALENCIA SOFA SET - Light Brown, 1 SEATER",SSVALENCIA-KEN-04CHR,instock,0
"FALAK-BED SET",MBRA520-23F+Z-018,instock,0
"JOSIE-CHAIR - Pea Green",SSKFA031-NL5126,instock,0
"GEMMA SOFA SET - Silver Grey, 3 seater+2 seater+1 seater+1seater",SS1905-G3,instock,0
"TIFANY CORNER SOFA - Light Grey, Corner Sofa with Left Arm",SSKF068-G2,instock,0
"ROBERT DINING CHAIR",DINCH-12001-1002,instock,0
"XAVIER SOFA SET - Light Grey, 1 SEATER",SSF9315-1S-75,instock,0
"RIVA-4DOOR WARDROBE",SBRP472-WR-G1,instock,0
"SERGIO-BED SET","MBRCBE31-1-PEARL WHI",instock,0
"QUEEN - Blue",SSQUEEN(CHR)165,instock,0
"KAROLINA SOFA SET",SSAY-S683-BZ,instock,0
"WESLEY LOBBY TABLE",DIN16138,instock,0
"DANTE BED - STATE GREY., KING BED",MBRSK025-KING-JY1011,instock,0
"DUBAI SOFA SET",SSDUBAI-G1,instock,0
"BANANA SOFA SET",SSBANANA-G3,instock,0
"VERA - COFFEE",SSFP1876-51,instock,0
"TRAPEZOID COFFEE TABLE - Espresso Oak + Lux Titanium, Coffee Table",CTCT2360-REC-G2,instock,0
"MARGARETTE CORNER SOFA SET - Moonshine &amp; Mint, OTTOMAN + HALF CT",SS5037-C-957-OTT-G3,instock,0
"LA MER-DINING TABLE",DINP281(2.4M),instock,0
"MAJOR BED + 2 NIGHT STAND - DIAMOND MILK+TITANIUM., KING BED (200X200)+2 NT",MBRBD2406-G1,instock,0
"BALDWIN CHAIR",SSCC2309-KD,instock,0
"CHIARA CORNER SOFA",SSCS10041F,instock,0
"CAMIA COFFEE TABLE - SMOKY BROWN + BRUSHED NICKEL, Coffee Table",CTC11579-SMOKYNICK,instock,0
"QUATRO SOFA SET - Beige + Brown, 2 SEATER",SSQUATRO-2S-G1,instock,0
"BOSCO DINING TABLE",DINBOSCO-DT,instock,0
"VANA BED",MBRLR193C-38K-11,instock,0
"DAVIS-CHAIR - DARK PINK, Chair",SSDAVIS-34,instock,0
"ELLISE SOFA SET - Beige + Brown, 4 Seater+3 Seater+1 Seater+1 Seater","SSAD-S662-BZ B BROWN",instock,0
"SEPHORA SOFA SET",SSSEPHORA-05,instock,0
"KEEGAN SIDE BOARD MARBLE",DINSB19048-G1,instock,0
"VALENCIA SOFA SET - Grey Brown, 3 SEATER",SSF-VALENCIA-3S-02,instock,0
"FALAK-2 SINGLE BED SET",SBRA520(4PCS)-BEIANT,instock,0
JOSIE-CHAIR,SSKFA031-O7805,instock,0
"FRITZEL TWO SEATER WITH OTTOMAN - Dark Beige, 2 seater+ Ottoman",SSFF576-A02-G3,instock,0
"TIFANY 3.5 SEATER - Blush, 3.5 SEATER LEFT",SSKF068-3S-G2,instock,0
"REINA DINING TABLE","DT16152-AMANA ROSE",instock,0
"XAVIER SOFA SET - Grey, 2 SEATER",SSF9315-2S-76,instock,0
"RIVA- 2 SINGLE BED SET",SBRP472-G4,instock,0
"SALMA-BED SET",MBRP447(4PCS)-BLUE,instock,0
OROMAN,SSAHS011-A,instock,0
"KARLIE  SOFA SET - Grey, 3 seater+2 seater+1 seater+1seater",SSF9847-GREY,instock,0
"ALEXANDRA DRESSER + MIRROR",MBRBD2239(DRS)-G2,instock,0
"DANTE BED",MBRSK025-KG-JY1011-2,instock,0
"ZURI SOFA SET - Grey &amp; Dark Grey, 3+2+1+1 Sofa Set",SSF9312-32-51,instock,0
"AYRA CHAISE LOUNGE - Beige Grey+White, Chaise Lounge without Arm",SSF9512-WO-ARM,instock,0
"VALENCIA - BROWN + BEIGE CUSHION",SSVALENCIA-KEN-06CHR,instock,0
"PORTER COFFEE TABLE",CTCT2424,instock,0
"MARGARETTE CORNER SOFA SET - Moonshine &amp; Mint, CORNER + HALF CT",SS5037-C-822-COR-G4,instock,0
"LA DIVA-DINING TABLE - BLUE + WHITE + GOLD, DIN.TABLE(3.0)+2 ARM+8 SIDE CHAIR",DINP458(3.0)41J+Z001,instock,0
"KRISS 6 DOOR WARDROBE",MBRKRISS(WARD)BELOAK,instock,0
"ROULA-SOFA SET",SSHA6096(NEW),instock,0
"CASSIA 3 SEATER SOFA - Brown Beige, 3 Seater - Left Side",SSSF18121-A3L-G2,instock,0
"CAMIA COFFEE TABLE",CTC11579-SMOKYNICK,instock,0
"QUATRO SOFA SET - Beige + Brown, 1 SEATER",SSQUATRO-1S-G1,instock,0
"BERYL DINING CHAIR - Polo Stone Fabric",DINDC2271-G1,instock,0
"TRAVOLTA BED - Beige, KING BED",MBRB19004-CP-01,instock,0
"DAMON-CHAIR - SAN REMO SPRING SPROUT + ANTIQUE BRONZE, Chair",SSCC2317-G1,instock,0
"EKAT SOFA SET - Beige + Brown, Ottoman",SSU766-2-OTT-G2,instock,0
"ROSSETTI SWIVEL CHAIR",SSKF065-1S-G2,instock,0
"KEEGAN DINING CHAIR - Beige",DINCH-18038-8037,instock,0
"VALENCIA SOFA SET - Grey Blue, 3 SEATER",SSVALENCIA-1S-G5,instock,0
"EVA-DOOR WARDROBE","MBRA547 (WARD)",instock,0
"HERO-CHAIR - ORANGE + BEIGE","CHRFM727-L CHAIR",instock,0
"FRITZEL TWO SEATER WITH OTTOMAN",SSFF576-A02-G1,instock,0
"SVANA SOFA SET - Light Grey+White, 3 SEATER",SSAD-S689-1013-3S,instock,0
"ORABELLA DINING CHAIR - Beige + Walnut",DINCH18027-8036S,instock,0
"XAVIER SOFA SET - Green, 3 SEATER",SSF9315-3S-65,instock,0
"NEW SOMAYA-CHEST OF DRAWER","MBRA553 NEW CHEST-G1",instock,0
"ROTANA-BED SET",MBRA582-G1,instock,0
ODEA,SSS0385-1D-G2,instock,0
"KADENCE SOFA SET - Light Brown &amp; Teal, 3 seater+2 seater+1 seater+1seater",SSKADENCE-LUNA5-9,instock,0
"TRISTAN SIDE BOARD",DINSB14723-WALDGREY,instock,0
"ZURI SOFA SET - Grey Blue, 1 SEATER",SSF9312-67-105-1S,instock,0
"AYDEN SOFA SET - Light Grey With Turquoise Blue Cushions, Chaise",SSSF17081-E1-G2,instock,0
"SHELLEY - LIGHT PINK",SSKFA033-B-989,instock,0
"DEVIN COFFEE TABLE",CTCTDEVIN-SMOAK,instock,0
"MAGGIE CORNER SOFA",SSKF028-O7301,instock,0
"LA DIVA DINING TABLE",DINP458,instock,0
"KERRY BED - SAPPHIRE, KING BED",MBRKERRY-G5,instock,0
"RHEA-SOFA SET","SSFF9906-G2 NEW",instock,0
"CASA CORNER SOFA",SSSF19008-CORNER,instock,0
"TERRENCE COFFEE TABLE",CTCT1498-MARBLE,instock,0
"NANINA SECTIONAL SOFA - Munich Caribou with Light Brown &amp; Warm Grey Cushions, Sectional Sofa",SSNANINA-G2,instock,0
"BELISIMA DINING TABLE",DINBMBO-CT8031,instock,0
"ROLDAN BED - Grey, QUEEN BED",MBRSK010-QN-JY1011-2,instock,0
"CREED-CHAIR - Grey, Chair",SSFM529-G1,instock,0
"EKAT SOFA SET - Beige + Brown, 1 SEATER",SSU766-2-1S-G2,instock,0
"MIA COFFEE TABLE",CTTZ133A,instock,0
"ROMINA SOFA SET - Grey + Cushions in Smoke Grey, 4+3+1+1 Sofa Set",SSU761-1-G1,instock,0
"KATHERINA BUFFET BLACK MARBLE",DINXG030ABU,instock,0
"VALENCIA SOFA SET - Brown &amp; Tan, 3 SEATER",SSVALENCIA-08-3S-G6,instock,0
"ESTHER-CHEST OF DRAWER - DARK GREY GOLD, BED+2 NT+DRS W/MIRR+STOOL",MBRA559(CHES)1542J,instock,0
"HAVEN-CHAIR - PLAID",SSCS240042F-G3,instock,0
"FRANKIE SOFA SET - Black, 3 SEATER",SSF8923-3S,instock,0
"SVANA SOFA SET - Light Grey+White, 3+2+1+1 Sofa Set",SSAD-S689-1013,instock,0
"NOVANE DINING CHAIR - Grey + Brown Oak, 2400*1100*750",DINE760Y-BRWOAKF22,instock,0
"XAVIER SOFA SET - Green, 3+2+1+1 Sofa Set",SSF9315-65,instock,0
"LILIAN-4 DOOR WARDROBE",SBRA909(WARD)1512WJ,instock,0
"ROSHAN-BED SET",MBRA565-G1,instock,0
"NOAH - ORANGE + BROWN OAK",SSM511Y-C-G2,instock,0
"KADENCE SOFA SET",SSKADENCE-LUNA5-7,instock,0
"TRAVOLTA DINING CHAIR - Black",DINDC18020-G2,instock,0
"ZURI SOFA SET - Brown Yellow, 2 SEATER",SSF9312-18-146-2S,instock,0
"AYDEN SOFA SET - Charcoal Grey With Orange Cushions, Chaise",SSSF17081-E1-G1,instock,0
"SHELLEY - INK",SSKFA033-C-758,instock,0
"CLOE COFFEE TABLE",CTCT2414-G2,instock,0
"LUCINDA SOFA SET - Rubino Taupe + Antique Brass, 3 Seater+2 Seater+1 Seater+1 Seater",SSLUCINDA-G2,instock,0
"FLAVIA-DINING TABLE",DINADT41-2400,instock,0
"KERRY BED - ATLANTIC, KING BED",MBRKERRY-G4,instock,0
"ISABELLA-SOFA SET",SSML20890-6479,instock,0
"CANDICE SOFA SET - Grey, 3 Seater+2 Seater+1 Seater+1 Seater+ottoman",SSF9833--57,instock,0
"MICHELA COFFEE TABLE",CT-18017,instock,0
"MONACO SOFA SET - 1. Full body in Light Grey with Cushions in Turquoise Blue., 3 SEATER",SSMONACO-3S-T5,instock,0
"ANDES SIDE CHAIR",DINCH17117-1462,instock,0
"ROLDAN BED",MBRSK010-KG-JY1011-2,instock,0
CREED-CHAIR,SSFM529-G3,instock,0
"EKAT SOFA SET - Brown Beige, 4 Seater Sofa",SSU766-1-4S-G1,instock,0
"WAVES COFFEE TABLE",CTC14669-CLRWAL,instock,0
"ROCHELLE SOFA SET - Light Grey, 3+2+1 SOFA SET",SSADS813BZ-1022,instock,0
"KATHERINE DINING TABLE SET",DINTZ031D,instock,0
"VALENCIA SOFA SET - Beige, 3 SEATER",SSF-VALENCIA-3S-G3,instock,0
"ESTHER-CHEST OF DRAWER",MBRA559(CHES)1542J,instock,0
HARIET-CHAIR,SSMARGARET-ANTBRAS,instock,0
"FLAMENCO CORNER SOFA - Grey, Corner Sofa",SSF-FLAMENCO-A051-18,instock,0
"SVANA SOFA SET - Brown Grey, 1 SEATER",SSAD-S689-968-1S,instock,0
"NOVANE DINING CHAIR",DINE760Y-BRWOAKF22,instock,0
"XAVIER SECTIONAL SOFA - Light Grey, Left Sectional Sofa",SSF9315-SEC-75,instock,0
"LEONA-BED SET",MBRP289-41+Z-026,instock,0
"MILLER - DARK PINK",SSMILLER-34,instock,0
"IRMA CLUB CHAIR",SSMARGARET-ROSEGD,instock,0
"ZURI SOFA SET - Brown Pink, 3 SEATER",SSF9312-79-34-3S,instock,0
"AYDEN SOFA SET",SSSF17081-G1,instock,0
"SELENA - Dark Grey",SSSELENA-84,instock,0
"AZMI COFFEE TABLE",CT08422-10-TFA,instock,0
"LUCINDA SOFA SET - SAN REMO SUMMER STORM, 3 Seater+2 Seater+1 Seater+1 Seater",SSLUCINDA-G1,instock,0
"EVALINA-DINING CHAIR - BEIGE + SILVER FOIL, DINING CHAIR",DIN-ADC22-SILFOILA-L,instock,0
"KENZA BED",MBRA2272A,instock,0
"GRACE-SOFA SET - BEIGE + GREY + GOLD, 4 seater+3 seater+1 seater+1seater+1 coffee table+2 end table",SSU117+CH098-YELLOW,instock,0
"BRIO SOFA SET - Light Grey, 2 Seater Sofa",SS8012(2S)-G3,instock,0
"KEEGAN COFFEE TABLE",CTCT19048,instock,0
"MONACO SOFA SET",SSMONACO-T5,instock,0
"COOPER SIDE CHAIR",DINCH17178-1463,instock,0
"REMINGTON BED - Beige, KING BED",MBRB1901-KING-G3,instock,0
CLAUDE-CHAIR,"SSFM532-F22 BRW OAK",instock,0
"EKAT SOFA SET - Brown Beige, 4 Seater+3 Seater+1 Seater+1 Seater +ottoman+ottoman",SSU766-1-G1,instock,0
"TRAVOLTA COFFEE TABLE",CTC19007B-1111,instock,0
"ROCHELLE RIGHT CORNER SOFA - Light Grey, Right Corner Sofa",SSAD-S813-BZ-RC-22,instock,0
"JARED DINING CHAIR - Rubino Taupe + Lux Titanium",DINDC2347-G3,instock,0
"VALENCIA CHAISE SOFA",SSVALENCIA-CHA-07,instock,0
"BARBARA-CHEST OF DRAWER",MBRA557(CHEST),instock,0
"HANK-CHAIR - ANTONIO PORCELAIN",SSCC2339-G3,instock,0
"FIRENZE SOFA SET - Grey, 4 seater+3 seater+1 seater+1seater+Ottoman",SS8003-GREY-G3,instock,0
"SLOANE SECTIONAL SOFA - Slate Grey, Corner Sofa",SSS0386-01-G1,instock,0
"NEWTON DINING TABLE - Amana Rose Marble, 300cm x 120cm x 75cm.",DINDT17091-AMANAROSE,instock,0
"XAVIER SECTIONAL SOFA",SSF9315-SEC-76,instock,0
"LEBRON-BED SET",MBRABE57-SILFOIL-NEW,instock,0
"MARGARET - Antonio Cameo",SSMARGARET-ROSEGD,instock,0
"IRINA 4 SEATER SOFA",SSTP2601-3-TA011,instock,0
"TRAVOLTA DINING CHAIR",DINDC18020,instock,0
"AYAN SOFA SET - Grey, 4 Seater+2 Seater+1 Seater",SSLR6015-GREY,instock,0
"SELENA - COPPER",SSSELENA-28,instock,0
"MIA TZ 133B COFFEE TABLE",CONTZ133B,instock,0
"LONDON SOFA SET - Beige with Cushions in Brown, 3 SEATER",SSKF2050-3S-G1,instock,0
"EVALINA-DINING CHAIR",DIN-ADC22-SILFOILA-L,instock,0
"IRMA BEDROOM SET","MBRIRMA-KING BED",instock,0
"ZAIRA-SOFA SET - BEIGE + BLACK + ANTIQUE GOLD, 3 seater+2 seater+1 seater+1seater+1 coffee table+2 end table",SSV0035-G1,instock,0
"BRIO SOFA SET - Dark Grey + Light Grey, 3 Seater+2 Seater+1 Seater+1 Seater",SS8012-YHE01,instock,0
"TERRENCE COFFEE TABLE - WALNUT + JAZZ WHITE, Coffee Table",CTCT1498-MARBLE,instock,0
"MAXWELL MODULAR SOFA - Artichoke Green, 6 seater Corner Sofa",SSS0366-01-1ASC-G2,instock,0
"CHIARA ROUND DINING TABLE",DINCW30004-1500RT,instock,0
"REMINGTON BED",MBRB1901-KING-G3,instock,0
CLASS-CHAIR,SSCLASS-CHAIR-ELF05,instock,0
"DOMONIQUE  SECTIONAL SOFA SET - Ivory, Sectional Sofa Left+ Right",SS8006SC-XF1740-11,instock,0
"RENDEL COFFEE TABLE",CT14804-1111,instock,0
"REMINGTON SOFA - Grey Blue, 3+2+1",SSS1901-G1,instock,0
"JARED DINING CHAIR - Rubino Taupe + Brushed Yellow Gold",SSDC2347-G1,instock,0
"VALENCIA SOFA SET - Beige + Brown, 1 SEATER",SSF-VALENCIA-1S,instock,0
"BARBARA-BED SET",MBRA557-LX813,instock,0
"GRAZIA-CHAIR - Beige",SSRS11513-G1,instock,0
"FIRENZE SOFA SET - LIGHT BLUE, 4 seater+3 seater+1 seater+1seater+Ottoman",SS8003-LBLUE-G2,instock,0
"SHALISTON SOFA SET - Beige, 3 SEATER",SSADS660-3S,instock,0
"NEWTON DINING TABLE",DINDT17091-ONIYX,instock,0
"VIVANTE 4 SEATER SOFA",SSFRS-11752-G1,instock,0
"LA DIVA-CHEST OF DRAWER","MBRP458CHEST NEW",instock,0
MAGGIE,SSA1175-M5658,instock,0
"HUNTER CORNER SOFA - Light Grey, 3 seater With Arm+ Chaise",SSF9505-92A,instock,0
"TERRENCE DINING CHAIR",DINCH-1498,instock,0
"ZURI SOFA SET - Brown Pink, 3+2+1+1 Sofa Set",SSF9312-79-34,instock,0
"LONDON SOFA SET - Beige with Cushions in Aqua and Beige, 4 seater + 3 seater + 1 Seater",SSKF2050-C-1271-G3,instock,0
"EVA-DINING TABLE - WHITE+GOLD, 4.0 M DIN.TABLE + 2 ARM CHAIR + 12 SIDE CHAIR","DINA547 (4.0M)",instock,0
"HYADD BED - STILO WALNUT + MATT BLACK, SINGLE BED",SBRHYADD-BED(1.2),instock,0
"ZAIRA-SOFA SET",SSV0035-G1,instock,0
"BRIO SOFA SET - Light Grey + Dark Grey, 3 Seater+2 Seater+1 Seater+1 Seater",SS8012-G2,instock,0
"FINLEY COFFEE TABLE","CT26FC011-MATT BLUE",instock,0
"BELISIMA  COFFEE TABLE",CTBMBO-CJ8028B,instock,0
"MARLEEN CHAIR",SSCC2416,instock,0
"CATALEYA SIDE BOARD CERAMIC",DINSB-1900-CERAMIC,instock,0
"NOVA BED - Beige, KING BED",MBRA2261-5,instock,0
"CASA-CHAIR - AQUA, Chair",SST2507-G1,instock,0
"DOMONIQUE  SECTIONAL SOFA SET - Brown, Sectional Sofa Left+ Right",SS8006-XF-14-COR,instock,0
"PIXEL  COFFEE TBALE",CTC17180,instock,0
"RASHA SECTIONAL SOFA SET - Beige and Black, SECT SOFA(RIGHT) +CT-(1BIG+1MED+1SMALL)+OTTO+2 CHAIR+END TABLE",SSFML2057-RIGHT(NEW),instock,0
"ICON DINING CHAIR",DINDC19001-G1,instock,0
AZZURRA-BENCH,MBRBS20155(BEN),instock,0
"FOREST-CHAIR - SAN REMO WINTER CLOUD",SSCC2336-G1,instock,0
"FANTASTIK SOFA SET - White and Grey, 3+2+1+1",SSFANTASTIK-G3,instock,0
"SHALISTON SOFA SET - Beige, 3+2+1+1 Sofa Set",SSADS660,instock,0
"MIRREN DINING TABLE",DINDT2359-REC,instock,0
"VIVALDI CORNER SOFA - Grey, Pouf",SSVIVALDI(POUF)K02,instock,0
"JUDITH-BED SET",MBRA555(4PCS)1546BJ,instock,0
LUGANO,SSC0388-1D-G1,instock,0
"HENRIK SOFA SET",SSAF-S1191-BZ,instock,0
"SHAYLA SIDE BOARD",DINSB16003-NEW,instock,0
"ZEENAT SOFA SET - Dark Beige and Light Grey, 2 SEATER",SSE1852-3S-NEW,instock,0
"ANDREW SOFA SET",SSAW-S066R-BZ,instock,0
"SCABIOSA - Light Grey",SSADS336-B,instock,0
